time_tsnumber,time_secondsf,ke_mean,ke_max,dynstat_eta_max,dynstat_eta_min,dynstat_eta_mean,dynstat_uvel_max,dynstat_uvel_min,dynstat_vvel_max,dynstat_vvel_min,advcfl_uvel_max,advcfl_vvel_max,advcfl_wvel_max,dynstat_theta_max,dynstat_theta_min
0.0,0.0,0.0,0.0,0.0,0.0,0.0,0.0,0.0,0.0,0.0,0.0,0.0,0.0,33.573919783957,3.5034306861378
20.0,600.0,3.6761196381579e-11,1.9420564079489e-06,2.2717689111687e-05,-2.3811617431692e-06,-8.5570082798513e-24,3.6504702400979e-05,-2.6304574683866e-06,0.0019710244741718,-5.088806040965e-06,2.1674802518097e-07,1.172996116349e-05,9.177446205336e-06,33.573609954668,3.5034374835894
40.0,1200.0,2.7255955089478e-10,1.4398727895078e-05,6.9191046478243e-05,-1.0092320780895e-05,5.3734200522616e-22,0.00018406193116706,-8.9836555818624e-06,0.0053646153984333,-1.6017647773748e-05,1.0928745467703e-06,3.1925900010514e-05,2.5795614610122e-05,33.573309294533,3.5034441502425
60.0,1800.0,1.00348029067e-09,5.3000063123313e-05,0.00014407012348505,-2.556719147911e-05,-2.4041891526188e-22,0.00050433486596461,-1.9357587791655e-05,0.010286063509675,-3.2519133500317e-05,2.9945069823335e-06,6.1214422791163e-05,5.0340666470063e-05,33.573021974017,3.5034506281912
80.0,2400.0,2.8454102677781e-09,0.00015026364531484,0.00025629496106184,-5.0313682359451e-05,1.9847711064822e-21,0.0010678201855028,-3.5172335845367e-05,0.017307557465325,-5.5963283685209e-05,6.3402219778102e-06,0.00010300073873433,8.5543184563867e-05,33.572752783133,3.5034569749885
100.0,3000.0,6.9341502297021e-09,0.00036616040308773,0.00041928493977209,-8.3799686924577e-05,-9.6886100040481e-22,0.0019768360280148,-5.8680788381852e-05,0.026996622410049,-8.9255424000525e-05,1.1737537275946e-05,0.00016066230357101,0.00013462369171845,33.572508599876,3.5034632964739
120.0,3600.0,1.5279912277114e-08,0.00080681473307614,0.00065151179547548,-0.00012362502655151,1.1737183318891e-21,0.0033499319279889,-9.090993791561e-05,0.040041294928459,-0.00013394851822548,1.9890345137091e-05,0.00023829376073274,0.00020069327542379,33.572297171274,3.5034694588581
140.0,4200.0,3.115450892356e-08,0.0016449269439644,0.00097959096817459,-0.00016860407510031,-5.9546213445354e-21,0.0053439122392797,-0.0001339463228781,0.057123846819737,-0.00019415757452954,3.1729677231206e-05,0.0003399554462591,0.00028828568194597,33.572128699896,3.5034760008007
160.0,4800.0,5.945903904807e-08,0.0031391554990194,0.0014169886910701,-0.00021947014823687,-7.7040751631679e-21,0.0081314953903721,-0.0001901218298633,0.07883950616001,-0.00027243296951695,4.8281055636932e-05,0.00046918968157118,0.00040044578238685,33.572014254891,3.5034818629486
180.0,5400.0,1.0725791298091e-07,0.0056623445178378,0.0019734592651601,-0.00027936062270771,7.8969358158769e-21,0.011918467270024,-0.00026220550371672,0.10577725887899,-0.00037266887168276,7.0766341705404e-05,0.00062950163982738,0.00054097367130454,33.571966481025,3.503487522832
200.0,6000.0,1.8332808228155e-07,0.0096775691268021,0.0026522439629262,-0.00034997641977067,3.6632929354095e-21,0.016919079404778,-0.00035168380494205,0.13812772306159,-0.00049656875849509,0.00010045766182625,0.0008220257274048,0.00071159587150536,33.571997753935,3.5034929890707
220.0,6600.0,2.98679103653e-07,0.015765593586243,0.0034520917275741,-0.00042860463336527,2.4171118709366e-20,0.023358057252401,-0.00046023450757169,0.17607406273228,-0.00064713876428088,0.00013868933174446,0.0010478519900751,0.00091465026919976,33.572119979847,3.5034982852876
240.0,7200.0,4.6401537254862e-07,0.024490770071218,0.0043622230678445,-0.0005117540658672,4.636242742873e-20,0.031453305991668,-0.00058836871772393,0.21912775254912,-0.00082469359689656,0.00018675517154535,0.0013040731157456,0.0011493891432122,33.572343017831,3.5035033611411
260.0,7800.0,6.9026215095788e-07,0.036428758446026,0.0053689994415224,-0.00059359220117379,-2.3905479912048e-20,0.041395563246759,-0.0007365682816573,0.2667940769967,-0.0010289435808357,0.00024578716473495,0.0015877449533626,0.0014148786295064,33.572672783336,3.5035077013276
280.0,8400.0,9.8381139349275e-07,0.051915739423173,0.0064474163040163,-0.0006702200134485,1.7352243802998e-20,0.053350494772998,-0.0009053659700622,0.31785604205739,-0.0012594684684157,0.0003167674078335,0.0018916249279353,0.0017075366038564,33.573110774949,3.5035118071766
300.0,9000.0,1.3474579061525e-06,0.071097549705723,0.007557829383479,-0.00074745995865413,6.0311077546632e-21,0.067414898472731,-0.0010945216998171,0.37109344885796,-0.0015250633810402,0.00040027450034772,0.0022084513917355,0.002022354728132,33.573651000631,3.5035157614639
320.0,9600.0,1.6596258412445e-06,0.08755138136287,0.0084946903897869,-0.00079277145671426,1.844939526564e-20,0.083441828031579,-0.0012877584078948,0.41012967737876,-0.0018919086414891,0.00049543404766754,0.0024407638011035,0.0022869549943143,33.574272983784,3.5035196706274
340.0,10200.0,1.7568481682825e-06,0.092642487339377,0.0089272860040532,-0.00076725172642142,2.9733117951482e-20,0.10037161815333,-0.0014437380941385,0.41865131308899,-0.0022795168072371,0.00059595431003531,0.0024914777608946,0.002404971373942,33.574910939535,3.5035230096851
360.0,10800.0,1.7374709945127e-06,0.09158251524198,0.0088867578539824,-0.00066155168517071,1.2007662034953e-20,0.11714747699601,-0.0015680605274162,0.41168707581797,-0.0028539166857556,0.00069556060876575,0.0024500321909421,0.0024360715425517,33.575503641341,3.5035256164646
380.0,11400.0,1.7189931850329e-06,0.090583280126296,0.0085171435105344,-0.00055374230408108,2.4357389098407e-20,0.13355607997174,-0.0016928218331557,0.40418575519753,-0.0035103821812498,0.00079298633373621,0.0024053903304753,0.0024578912719185,33.576034068652,3.5035286317349
400.0,12000.0,1.7010447998128e-06,0.089606842069436,0.0078132701936587,-0.0005017183002979,-7.0465395871131e-20,0.14955883321834,-0.0018218980242974,0.40231168561719,-0.0041334179324232,0.00088800233472536,0.0023942611151699,0.0024691126805182,33.576496696926,3.50353043498
420.0,12600.0,1.6835426015371e-06,0.088641333697622,0.0066759153697508,-0.00046075125584395,3.0361220115884e-20,0.16512710483066,-0.0019660509089292,0.40042828242695,-0.0046477693705627,0.00098043861041625,0.0023830524946307,0.0024921487933176,33.576888182081,3.5035328010886
440.0,13200.0,1.6664086366452e-06,0.087687848169758,0.0050054609656106,-0.00042723397073957,3.9184138782039e-20,0.18023817571633,-0.002158012210242,0.39749756727996,-0.0049672636372557,0.0010701602666898,0.0023656110491869,0.0025124881221637,33.577207360557,3.5035365401015
460.0,13800.0,1.6495829654424e-06,0.086752230399248,0.0027996680924763,-0.00039926417366977,2.0193632027348e-20,0.19487333645938,-0.0024091111095344,0.3936517614118,-0.0051960927295856,0.0011570562167934,0.0023427236616816,0.0025200574290341,33.577480183257,3.5035399342518
480.0,14400.0,1.6330286667228e-06,0.085833436430283,0.0010379450018804,-0.00037540425943414,3.5008586365169e-20,0.20901320325188,-0.0027141063629539,0.3895004266661,-0.0055000067454049,0.0012410113697874,0.0023180179926369,0.0025172943251853,33.577727459202,3.5035425842236
500.0,15000.0,1.6167327326742e-06,0.084926638549204,0.00096479805254281,-0.002443786803506,-5.6995110955692e-20,0.22263769986087,-0.0030795668324228,0.38441807869842,-0.0059483621306399,0.0013219065234731,0.0022877716226014,0.0025084296991462,33.577917982469,3.5035470816664
520.0,15600.0,1.600707040458e-06,0.084032870397168,0.00088015426335412,-0.0045522308640155,5.1993884332097e-20,0.23572984974014,-0.0035179109864344,0.37842329608842,-0.0063877588251625,0.0013996408799747,0.0022520951175181,0.0024920392278991,33.578054410934,3.5035524864155
540.0,16200.0,1.5849801468209e-06,0.083155345735387,0.00077423421223835,-0.0061273485239016,4.6237755576638e-21,0.24827547931404,-0.0040414050311273,0.37153208254064,-0.0068713110726948,0.0014741302839938,0.0022110837195805,0.0024659663641196,33.578138961288,3.503557645331
560.0,16800.0,1.569579819573e-06,0.08229825095472,0.00073252550967354,-0.0069804992086204,-7.2093153592962e-20,0.26026138211085,-0.0046554824417646,0.36376022849267,-0.0080450195927984,0.0015452963223904,0.0021648314017755,0.0024289412827832,33.578173740393,3.5035617206453
580.0,17400.0,1.5545188366748e-06,0.081763992837897,0.00070472301688077,-0.00717869512548,4.7181383241467e-20,0.27167300970488,-0.0053498828705676,0.35512362891392,-0.0091750863329206,0.0016130526142017,0.0021134327591858,0.0023797851854612,33.578160838802,3.5035298872516
600.0,18000.0,1.5397890377724e-06,0.081212957687831,0.00067962009275162,-0.0069185466334279,-4.7370108774433e-20,0.28249325079218,-0.0061013176637363,0.34564120477551,-0.010307694763626,0.0016772975614312,0.0020570003954146,0.0023190624939195,33.578156942829,3.5034896607165
620.0,18600.0,1.525361421897e-06,0.080526838744286,0.0006562436884046,-0.0063255935458071,-7.5490213186348e-21,0.29270457296491,-0.0068817250812756,0.33534063558169,-0.011492476354921,0.0017379270657867,0.0019956990383659,0.0022479865313067,33.578155460028,3.5034316783651
640.0,19200.0,1.5111929102662e-06,0.079709379638119,0.00063490809177424,-0.0053750247213381,7.3036781257791e-20,0.30513528948089,-0.0076614162359938,0.32510627291162,-0.012773367251018,0.0018117341760119,0.0019347725029455,0.0021677582277101,33.578121536332,3.5033291627786
660.0,19800.0,1.4972391701411e-06,0.078767716815405,0.00061495830963966,-0.0040108843619828,1.0379904313123e-20,0.31776662072373,-0.0084145878339241,0.31923893135687,-0.014163807272206,0.0018867324318352,0.0018998547789538,0.0020804046707311,33.578057310542,3.5032632042663
680.0,20400.0,1.4834670101024e-06,0.077711868669321,0.00059663516114959,-0.0022957695606751,-3.3026968269027e-20,0.33001215450848,-0.0091254820448445,0.31268305281237,-0.015639318435295,0.0019594400236024,0.0018608394335194,0.0020269981179288,33.577965393462,3.5032427397923
700.0,21000.0,1.4698612330395e-06,0.076669299597214,0.00057931089473893,-0.0008025257920273,1.0134561120267e-19,0.34184116941479,-0.0097863703182027,0.30544031541736,-0.017159435901833,0.0020296745435452,0.0018177364535847,0.0021187090278668,33.577848514662,3.5032711855893
720.0,21600.0,1.4564260604482e-06,0.075887748911823,0.0021966057759929,-0.00073359265903402,-1.5211277957049e-19,0.35321515758072,-0.010392164619021,0.29750708891386,-0.018692178775342,0.0020972073520671,0.0017705242347582,0.0022074444307645,33.577709198888,3.5032250263093
740.0,22200.0,1.4431819912446e-06,0.075116289383048,0.0039010166734084,-0.00070005324255364,-5.8504915219419e-21,0.36409046108679,-0.010936789288856,0.28886884693994,-0.020225659882953,0.002161779231216,0.0017191163277521,0.0022924714997987,33.577594932914,3.5030891829869
760.0,22800.0,1.4301585525192e-06,0.074355159461525,0.0051792579998752,-0.00066223001950122,-9.4362766482934e-21,0.37442635708165,-0.011413784808292,0.27951389706655,-0.02175777504835,0.0022231483899438,0.0016634431485809,0.0023758109620604,33.577717738189,3.5030011389449
780.0,23400.0,1.4173861430838e-06,0.073603927517145,0.0059757506629517,-0.00065861998158761,-1.0455394526309e-19,0.38418929613567,-0.011820988586079,0.26944861449184,-0.023275551559639,0.0022811156292381,0.001603542637325,0.002459057158487,33.57783126647,3.5029683424293
800.0,24000.0,1.4048903538679e-06,0.072862974787472,0.0063325795868369,-0.00064031893424731,9.8137277142252e-21,0.39334934452728,-0.01216311756862,0.25869891552421,-0.024745979024138,0.0023355032182752,0.0015395690271229,0.002542015945867,33.577934449475,3.5029133844272
820.0,24600.0,1.3926884506904e-06,0.072133701676048,0.006309140193909,-0.00059525621216427,2.830882994488e-20,0.4018765996276,-0.012450303361384,0.24730488588584,-0.026121943736372,0.0023861336108434,0.0014717608761308,0.0026237587824367,33.578026170665,3.5029210598248
840.0,25200.0,1.3807866732208e-06,0.071417709834967,0.0059315733689463,-0.00053552311258156,2.1892161824041e-20,0.40974011968674,-0.012695714076041,0.23531493445563,-0.027353786451438,0.0024328230909725,0.0014004062752765,0.0027025452386672,33.578105834961,3.5029917998884
860.0,25800.0,1.3691790238691e-06,0.070716138935719,0.0052030535485211,-0.00046742958205711,4.1519617252491e-21,0.41690570124714,-0.012913021909602,0.22277617808903,-0.028401323441821,0.0024753685763736,0.0013257856263977,0.0027757196813867,33.578173219987,3.5030858104784
880.0,26400.0,1.3578484667692e-06,0.070029292790445,0.0041479673561961,-0.00039270465257715,1.962745542845e-20,0.42333515108878,-0.013113239165505,0.20972505152565,-0.029242369884057,0.0025135432956297,0.0012481157599226,0.0028413383775244,33.578228022057,3.5029639059973
900.0,27000.0,1.3467700841232e-06,0.069356417476312,0.0028374523388378,-0.00035943963949134,6.2656876944668e-20,0.42899029822519,-0.01330309855246,0.19618680962832,-0.0298728796017,0.0025471206093348,0.0011675469725946,0.0028994428878391,33.578269656518,3.5028960866061
920.0,27600.0,1.3359157478925e-06,0.068941966097939,0.0013820194039462,-0.00034845361824473,7.2848055724825e-20,0.43383829626265,-0.013486434220268,0.18254882874618,-0.038919766090289,0.0025759054927374,0.0010863846186045,0.0029513304712992,33.578297390041,3.5028787899443
940.0,28200.0,1.3252603319897e-06,0.070044281358033,0.001047851350738,-0.00072222720601859,-6.8318642933645e-20,0.43785342246529,-0.013666722048298,0.1684824424201,-0.056965763020659,0.0025997452176499,0.0010026727380684,0.0029979164095844,33.578310524814,3.5028765820577
960.0,28800.0,1.314787772457e-06,0.071189356201798,0.00089321155968719,-0.0020423552225157,-5.0955893900785e-21,0.44101466407757,-0.013848294765438,0.15400542196521,-0.074734449282631,0.0026185150212912,0.00091651709163981,0.003038775612173,33.578308524546,3.5029342493094
980.0,29400.0,1.3044931372199e-06,0.072360570595276,0.00072888672701692,-0.0031207448750606,5.8221826919971e-20,0.44330223736274,-0.014035213604187,0.13915813798033,-0.092379299043659,0.0026320974381527,0.00082815793283274,0.0030725963469188,33.578291180334,3.5030465791698
1000.0,30000.0,1.2943789033056e-06,0.073540232193076,0.00059714327199488,-0.0038988652116293,-2.4723044818529e-20,0.44469677438613,-0.01422898040318,0.12397956627545,-0.10973415492089,0.0026403774715414,0.00073782721449384,0.0030983468553192,33.578258791626,3.50306198258
1020.0,30600.0,1.2844481251194e-06,0.074711219751102,0.00047493245394036,-0.0043579522643497,-7.3602957856689e-20,0.44518134938473,-0.014427187142463,0.11192020839378,-0.12668240814387,0.002643254625106,0.00075391236745011,0.0031157757352519,33.578212168648,3.5030112081153
1040.0,31200.0,1.2746994107061e-06,0.075858339620964,0.00043695635285375,-0.0044911644955673,1.5475493703201e-20,0.44474375738216,-0.014623707567177,0.10845032902365,-0.14319299330935,0.0026406564320634,0.00085217016450717,0.0031252356615713,33.578152379811,3.5030128903066
1060.0,31800.0,1.2651255864174e-06,0.076968769585026,0.00039201301288918,-0.0043061881464978,-4.7181383241467e-20,0.44337787036807,-0.015220983976602,0.10435075844276,-0.15923937865909,0.0026325465074846,0.00094766541554706,0.0031275375380455,33.578080439564,3.5030187393639
1080.0,32400.0,1.2557144518076e-06,0.078031679559315,0.00034037158720602,-0.0038279955872841,-9.8137277142252e-20,0.44108426594184,-0.01639643115784,0.099622487077156,-0.17479561179871,0.0026189282808537,0.0010402436726763,0.0031237094126012,33.577997216959,3.5030709152936
1100.0,33000.0,1.2464503206623e-06,0.07903717885748,0.00031503694190715,-0.0030957506589997,7.2093153592962e-20,0.43786973801754,-0.017545857593899,0.094279353625658,-0.18983302971609,0.0025998420908882,0.0011297343565727,0.0031144328660161,33.577903592936,3.5031196408694
1120.0,33600.0,1.2373166082554e-06,0.079975113435573,0.00029304479849664,-0.0021742284142275,8.4549038768709e-20,0.43374564186919,-0.018665282592346,0.088347873242236,-0.20431914432252,0.0025753553592819,0.0012159441241174,0.003099681319698,33.577800619664,3.5031896446549
1140.0,34200.0,1.228298961785e-06,0.080834522766283,0.00039959021639235,-0.0011653919798451,4.1142166186559e-20,0.42872630200464,-0.019751195861012,0.081865153096096,-0.21821918383632,0.0025455531374901,0.0012986660414778,0.0030789656233039,33.577689494473,3.5031518417916
1160.0,34800.0,1.2193883079642e-06,0.081604017759982,0.0010125951516639,-0.0007284679444543,6.1901974812805e-20,0.42282863146296,-0.020801133976866,0.074876207726582,-0.23149895806574,0.0025105358463161,0.0013776966359794,0.0030518954078514,33.577571404541,3.5031235584042
1180.0,35400.0,1.2105829083583e-06,0.082272546345915,0.00206745646279,-0.00053569010127606,8.3227960037948e-20,0.41607288111255,-0.021813577933985,0.067486782284878,-0.24412699088227,0.0024704237248526,0.0014528485868812,0.0030185646659964,33.577447401505,3.5031349428597
1200.0,36000.0,1.2018886480548e-06,0.082829822155324,0.0029607493760442,-0.00052728209617819,8.5492666433539e-20,0.40918158589384,-0.022787419126781,0.066964115562234,-0.25607477852313,0.0024295068086678,0.0015239522625856,0.0029795241696732,33.57731837341,3.5031771501189
1220.0,36600.0,1.1933173225705e-06,0.083266124132047,0.0036349277381677,-0.00052471523712466,9.0399530290651e-20,0.40286349733938,-0.023721484731364,0.066070297264188,-0.26731546565567,0.0023919932946437,0.0015908478416326,0.0029354253150381,33.577185063705,3.5032407515174
1240.0,37200.0,1.1848836883594e-06,0.083571742432446,0.0040549382574976,-0.00053721910952808,2.5949760782807e-20,0.39585417595075,-0.024614352112339,0.064812000274618,-0.27828355657237,0.0023503756006299,0.0016561211460367,0.0028865970310968,33.577048077038,3.5032086002357
1260.0,37800.0,1.176601908436e-06,0.083736690680733,0.0042102103541274,-0.00053325896376382,1.7527883874205e-20,0.38816937497077,-0.025464466188667,0.063218955682456,-0.28948059288382,0.0023047472611645,0.0017227569503104,0.002833218862737,33.576907881656,3.5031906722939
1280.0,38400.0,1.1684822764909e-06,0.083751211745877,0.0041084764047461,-0.00051768015281466,-4.1720138131267e-20,0.37982645225691,-0.026270527536014,0.061325363585371,-0.29991269354159,0.0022552113381507,0.0017848404694005,0.002783588081136,33.576764842332,3.5031649303865
1300.0,39000.0,1.1605291868889e-06,0.083607013282987,0.0037653653019453,-0.00049041203431622,-8.9668218850408e-20,0.37084444499475,-0.027031933035851,0.059166196726442,-0.3095417752647,0.0022018808644657,0.0018421450620791,0.0027280826320798,33.576619266275,3.5031544001963
1320.0,39600.0,1.1527405815366e-06,0.083298557283055,0.0032022381715455,-0.00045268736956315,6.5015946106742e-20,0.36124471397043,-0.027748921911518,0.056775061600491,-0.3183379028692,0.0021448826693147,0.001894492578075,0.002666703660588,33.576471413149,3.5031589827581
1340.0,40200.0,1.1451087110887e-06,0.082823734468641,0.0024555482251039,-0.0004054700282646,-7.0904772502567e-21,0.35105167383238,-0.028422324992903,0.054183894088805,-0.32627998244767,0.0020843617141443,0.0019417574833228,0.0025997551893533,33.576321459077,3.5031807176598
1360.0,40800.0,1.1376219189003e-06,0.082183837477646,0.0015862242971723,-0.00035050166055527,-7.1668521143789e-20,0.34029311638684,-0.029053189697505,0.051423320776521,-0.33335490893557,0.0020204830122026,0.0019838617869603,0.0025276465359678,33.576169459934,3.5032001186401
1380.0,41400.0,1.1302669769077e-06,0.081383229216529,0.0010229619582064,-0.00029088121737683,-5.6617659889761e-22,0.32900006638069,-0.029642616867011,0.048655310884567,-0.33955652250265,0.0019534307722523,0.002020768830605,0.002450754505256,33.576015364679,3.5031979139568
1400.0,42000.0,1.1230314271879e-06,0.080429051252888,0.00073511438351806,-0.00099921497317097,3.1705889538266e-20,0.31720647209016,-0.030191869258281,0.045855746287897,-0.3448850373753,0.0018834065614489,0.0020524798891607,0.0023693888523493,33.575859080666,3.5031674636499
1420.0,42600.0,1.1159051636033e-06,0.079333087436288,0.00045604954651338,-0.0017523748119666,3.4159321466822e-20,0.30494898854816,-0.030702563585358,0.044357573140355,-0.34934681036071,0.0018106280182567,0.0020790327932595,0.0022837879819007,33.575700540407,3.5031547832319
1440.0,43200.0,1.1088810125746e-06,0.078672510472459,0.00035476401099261,-0.0023682579906852,1.6985297966928e-20,0.29226687552301,-0.03117679184856,0.044671092656067,-0.35295431227705,0.0017353282467003,0.0021005017592366,0.0021941616203311,33.57553971971,3.5031261359073
1460.0,43800.0,1.1019543260998e-06,0.077890860541338,0.00037050959745405,-0.0028063105859939,6.945099613144e-20,0.27920193493647,-0.031617167720082,0.044890224675739,-0.35572626784604,0.0016577554447852,0.0021169982216587,0.002100833656744,33.575376611137,3.5031174859995
1480.0,44400.0,1.0951220801214e-06,0.076997272887586,0.00038324106877422,-0.0030502717962225,6.2656876944668e-20,0.2657984187812,-0.032026809628477,0.045009108066399,-0.35768747773229,0.00157817235776,0.0021286697742449,0.0020732001529911,33.575211200084,3.5031288504419
1500.0,45000.0,1.0883820866369e-06,0.076002888975342,0.00039150337478141,-0.0030959784499835,5.0578442834853e-20,0.25210280109999,-0.032409225326189,0.045021889897076,-0.35886759779897,0.0014968549242476,0.0021356929049731,0.002080456151363,33.575043474512,3.5031472783528
1520.0,45600.0,1.0817321872968e-06,0.074919877480019,0.00038502183679659,-0.0029447473270716,-7.3980408922621e-20,0.24280080633786,-0.032768117564707,0.044924494169258,-0.35929890730214,0.0014416245317083,0.0021382597141568,0.0020954990668089,33.574873451607,3.5031595024991
1540.0,46200.0,1.0751699293043e-06,0.073760439874958,0.00036218687705049,-0.0026144397350242,7.2470604658894e-20,0.23744766633928,-0.033107214682,0.044715911978224,-0.35901408217698,0.0014098403788464,0.0021365646628267,0.0021063510176217,33.574701188392,3.5031893071536
1560.0,46800.0,1.0686926341218e-06,0.072536219369317,0.00032631059808832,-0.0021244924911346,-5.2843149230443e-20,0.23208574259696,-0.033430203053876,0.04451705475661,-0.35804500376484,0.0013780040726963,0.0021307974832266,0.0021130609395033,33.57465105074,3.5031853585771
1580.0,47400.0,1.0622978223647e-06,0.071258182475892,0.00033537476564826,-0.0015275468694292,6.6431387603986e-20,0.22672516535622,-0.042613873987715,0.044223097003332,-0.35642273601003,0.0013461757613701,0.0021211430431067,0.0021157305954895,33.574732344524,3.5031596201339
1600.0,48000.0,1.0559838298951e-06,0.069936695969645,0.00061090988506779,-0.00093363864314439,-1.0493139632902e-19,0.22137490848848,-0.055697135892476,0.043834634804031,-0.35417794463056,0.0013144087270352,0.0021077838402929,0.0021144927808804,33.574804435524,3.5031504751204
1620.0,48600.0,1.0497503587478e-06,0.068581452612062,0.00094431997691095,-0.00073406178737011,3.9254910856901e-20,0.21604300223135,-0.068590394518244,0.043359362859293,-0.35134086527419,0.0012827506490536,0.0020908998131771,0.0021095114176372,33.574865978589,3.5031572228207
1640.0,49200.0,1.0435988434051e-06,0.067201114692203,0.0015528169002198,-0.00055832459524944,1.1323531977952e-20,0.21073653256294,-0.081274938832837,0.042807104534452,-0.3479404517867,0.0012512436002668,0.0020706632718907,0.0021010081432042,33.574915735,3.503161013851
1660.0,49800.0,1.0375323425937e-06,0.065802838797425,0.0021492264832221,-0.00039226427744038,7.9642174911597e-20,0.20546145468217,-0.093732935105431,0.042190104485573,-0.34400307667769,0.0012199229395397,0.0020472311645171,0.0020892792031837,33.574952564844,3.5031657920974
1680.0,50400.0,1.03155482973e-06,0.064391983448573,0.0026234249405309,-0.00036490717259562,1.9061278829553e-20,0.20022241783286,-0.105947293443,0.041523048384018,-0.34020291594148,0.0011888162716566,0.0020246357290281,0.0020746699420038,33.57497540864,3.5031260941255
1700.0,51000.0,1.0256702670022e-06,0.062972204443468,0.0029485795290292,-0.00035681804388175,1.3588238373543e-20,0.19502280175772,-0.11790142416977,0.040822711028631,-0.3376083539596,0.0011579436637669,0.0020091948181966,0.0020575169548788,33.574983264592,3.5031120960985
1720.0,51600.0,1.0198817081469e-06,0.061545922056846,0.0031004028700904,-0.00033695130585277,-2.6421574615222e-20,0.189865024303,-0.12957889451523,0.040107232203855,-0.33438860659554,0.0011273194717802,0.0019900332671155,0.0020380996443459,33.574975176395,3.5030633925752
1740.0,52200.0,1.0141905438239e-06,0.060114974028158,0.0030616084744536,-0.00031323191909554,4.7370108774433e-20,0.18475101361727,-0.14096311870991,0.03939503631249,-0.33055183481233,0.0010969551440369,0.0019671996437914,0.0020166320106755,33.574950243603,3.5030405407616
1760.0,52800.0,1.0085962675978e-06,0.058681224910782,0.0028310546414965,-0.00028523045134049,4.5294127911809e-21,0.1796826519681,-0.15203725474001,0.038703531861102,-0.32610915959759,0.0010668618564601,0.0019407601321036,0.0019932831120257,33.574907647787,3.5030573362704
1780.0,53400.0,1.0030966894755e-06,0.057246957738134,0.0024284588665399,-0.00029032231777406,-2.6799025681153e-20,0.1746620428299,-0.16278436434939,0.038047957726004,-0.32107570981669,0.0010370520983834,0.0019108047678514,0.0019681916085094,33.574846675101,3.5031111117352
1800.0,54000.0,9.976881702634e-07,0.055814987103285,0.0018911175797507,-0.00029045605607094,-1.1474512404325e-19,0.16969158511646,-0.17318770652213,0.0374407386522,-0.31547086183093,0.0010282982584711,0.001877448864783,0.0019414688724469,33.574766725639,3.5030849882117
1820.0,54600.0,9.9236640208127e-07,0.054388575553237,0.0012667075054663,-0.00027964716498988,9.8137277142252e-21,0.16477394723749,-0.1832309616713,0.036891303780474,-0.30931791700146,0.0010879298685124,0.0018408310953379,0.0019132175504128,33.574667313483,3.5030280143678
1840.0,55200.0,9.8712691316561e-07,0.05297133462382,0.0008159065821309,-0.00035156873300121,2.2647063955904e-21,0.16011016810093,-0.19289829301952,0.036522070749819,-0.30264379550719,0.0011453294391231,0.0018011116684783,0.0018835694158729,33.57454805804,3.5030110375397
1860.0,55800.0,9.8196526524642e-07,0.051567242979874,0.00052808550794594,-0.00075033751046224,4.5294127911809e-20,0.15590562373377,-0.20217431559025,0.036700504301269,-0.2954791917339,0.0012004056223383,0.0017584732544495,0.0018527061212522,33.574408660582,3.5030331512769
1880.0,56400.0,9.7687737643177e-07,0.050180728833965,0.0004080422082474,-0.0012916149502445,-7.8509821713801e-20,0.15176421317623,-0.21104410251668,0.036889836358651,-0.29136545440294,0.0012530697902092,0.0017339913373646,0.0018221191208376,33.574248870162,3.503090686602
1900.0,57000.0,9.7185961728679e-07,0.048816626836791,0.0003647741122729,-0.0017463666761395,0.0,0.14768820829791,-0.21949330539878,0.037084885528337,-0.28862540837712,0.0013032367494213,0.0017176846132799,0.0018027861322553,33.574068459972,3.5031167337951
1920.0,57600.0,9.6690878676931e-07,0.047479893680182,0.00031868301601757,-0.0020853623711086,-1.736274903286e-20,0.14367908362747,-0.22750839898728,0.037277948045414,-0.28554911009327,0.0013508261940998,0.0016993767648555,0.0017830353454115,33.573867234516,3.5030720597693
1940.0,58200.0,9.6202198436983e-07,0.046175179520642,0.00030328847922204,-0.0022878939330954,4.9823540702989e-20,0.13973764632679,-0.2350770249636,0.037460085115341,-0.28217665531133,0.0013957647469957,0.0016793064123508,0.0017628294950841,33.573645065704,3.5030663518835
1960.0,58800.0,9.5719645324217e-07,0.044906460526382,0.00029407513221908,-0.0023447760553508,9.7004923944457e-20,0.13586421962264,-0.242188362153,0.037622221080873,-0.27854764130257,0.0014379881576183,0.0016577092093905,0.0017420796455722,33.57340193352,3.5030975464532
1980.0,59400.0,9.524294900545e-07,0.044137225822677,0.00028551673218412,-0.002259356180933,5.1710796032648e-20,0.1320587541975,-0.24883339223879,0.03775583967185,-0.2746998227842,0.0014774428799073,0.0016348098440821,0.0017206788343113,33.573137946943,3.5031609193499
2000.0,60000.0,9.4771843688168e-07,0.043783555968891,0.00027583540025875,-0.0020453469913085,-9.549511968073e-20,0.12832079974379,-0.25500495876877,0.037853465123085,-0.27066828197438,0.0015140864225828,0.001610817099799,0.0016985327436778,33.572853341524,3.503182607812
2020.0,60600.0,9.4306074357331e-07,0.043435964576987,0.00026285001884123,-0.0017320362563133,-1.8117651164723e-20,0.12464938623618,-0.26069765714873,0.03790912381958,-0.26648489381518,0.0015478866959837,0.0015859206725826,0.0016755733335,33.572548467047,3.5031392943198
2040.0,61200.0,9.3845411079655e-07,0.043098927663663,0.00026219201553796,-0.0013493034763119,-7.6929245375212e-20,0.12104294598561,-0.26590770140793,0.037918748807689,-0.26217799911664,0.0015788212209906,0.0015602892259394,0.0016517461630219,33.572223777792,3.5030948446869
2060.0,61800.0,9.3389685137421e-07,0.042765516336086,0.00025744974423626,-0.0010132493974435,2.830882994488e-20,0.11749938084505,-0.27063287296383,0.037954037744947,-0.25777225488624,0.0016068768248177,0.0015340695001115,0.0016269875566839,33.571879829964,3.5030663450459
2080.0,62400.0,9.2938822882695e-07,0.042457054508992,0.00045488569924872,-0.00090099717809776,3.9443636389867e-20,0.11401627414746,-0.27487253791403,0.037957808655205,-0.25328854748268,0.0016320497436832,0.0015073857952331,0.0016012188423767,33.571517286396,3.5030538010941
2100.0,63000.0,9.2492860654585e-07,0.042167637585144,0.00084628926817232,-0.00077336189501661,-9.8137277142252e-21,0.11059116018099,-0.27862765644045,0.037918566825286,-0.24944111741493,0.0016543456786466,0.0014844740175457,0.0015743641405732,33.571136923081,3.5030566724866
2120.0,63600.0,9.2051930252317e-07,0.041877065771496,0.0012339521367779,-0.00066913079284519,-4.6049030043672e-20,0.10722176335278,-0.28190072495951,0.037840424852177,-0.2458096872072,0.0016737794521262,0.0014628626495172,0.0015463758556695,33.570739624679,3.503073975373
2140.0,64200.0,9.1616228439687e-07,0.041597416246237,0.0015357096536362,-0.00058629093371237,3.699020446131e-20,0.1039061877382,-0.28469563436291,0.037729026701411,-0.24214666360005,0.0016903741662073,0.001441063262845,0.0015172530391645,33.570326359023,3.5030814128359
2160.0,64800.0,9.118599838296e-07,0.041321693266606,0.0017345753708288,-0.00051413419314318,8.039707704346e-20,0.10064308423512,-0.28701746894314,0.037590975125434,-0.23845662326349,0.0017041600087665,0.0014191030942084,0.0014870459998716,33.569898137266,3.5030847613295
2180.0,65400.0,9.0761491388505e-07,0.041046857475708,0.0018228494081639,-0.00045322525116031,3.7745106593174e-22,0.097431788140282,-0.28887230720948,0.037433208593015,-0.2347426287815,0.0017151730708211,0.0013970003696578,0.0014558435408171,33.569455979723,3.5031014547651
2200.0,66000.0,9.0342926032558e-07,0.040772381269343,0.0018005149581057,-0.00040684681321962,1.094608091202e-20,0.094272373238123,-0.29026709916035,0.037262503754868,-0.23100694123903,0.0017234546178363,0.0013747685453622,0.001423746029245,33.569000901352,3.5031308170387
2220.0,66600.0,8.9930450198355e-07,0.040501152272959,0.0016738538016913,-0.00037693887421605,1.2455885175747e-20,0.091165600828394,-0.29120965670661,0.037085128098093,-0.227251557159,0.0017290510328636,0.0013524195030291,0.0013908408865021,33.568533910874,3.5031719673433
2240.0,67200.0,8.9524117154231e-07,0.0402279380777,0.0014558467592716,-0.0003642269285774,-3.1705889538266e-20,0.088112809466465,-0.291708713627,0.036906526062289,-0.22347859693048,0.0017320141725253,0.0013299658615184,0.0013571984963881,33.568056008101,3.5032238872056
2260.0,67800.0,8.9123877016667e-07,0.039953163073806,0.0011666928987719,-0.00036812940285516,5.3975502428238e-20,0.0851157863739,-0.29177396890325,0.036730972920698,-0.21969061556991,0.0017324016243155,0.0013074228262443,0.0013228835055932,33.567629513101,3.5032854729431
2280.0,68400.0,8.8729580505695e-07,0.039677775114477,0.00083211161060867,-0.00038683252650405,-3.0196085274539e-21,0.082176601673086,-0.29141607892607,0.036561284138882,-0.21589088905841,0.0017302766603232,0.001284809893226,0.0012879557969294,33.567419189703,3.5033169849322
2300.0,69000.0,8.8340998418752e-07,0.039404782534734,0.00059262974852784,-0.00041763434978213,3.0196085274539e-21,0.079297380898224,-0.29064663992195,0.036398688259042,-0.21208367917245,0.0017257081328923,0.0012621524251485,0.001252454237257,33.567208909301,3.5032787960678
2320.0,69600.0,8.7957857518029e-07,0.039145365826849,0.00041682265813388,-0.00045771478108705,4.7181383241467e-20,0.076480051763537,-0.28947817521553,0.036242839949517,-0.20827440052858,0.0017187703989918,0.0012394826454786,0.0012163913770178,33.566998562018,3.5032478696095
2340.0,70200.0,8.7579871512588e-07,0.038885463498195,0.0003911242709932,-0.00073205599442295,1.509804263727e-21,0.073726129440856,-0.28792403528553,0.036091890742893,-0.20446958105398,0.0017095427268,0.0012168394032175,0.0012038055112729,33.566788043461,3.5032239720722
2360.0,70800.0,8.7206760691121e-07,0.038625860851334,0.00035705186806973,-0.00098540940105196,7.7377468516006e-21,0.071036562928587,-0.28599836049352,0.035942635458782,-0.20067660291662,0.0016981090744076,0.0011942666311245,0.0012174840638313,33.566577256473,3.5032069594809
2380.0,71400.0,8.6838265925969e-07,0.038367606367921,0.00031645651910758,-0.0011749240879413,-2.0004906494382e-20,0.06841163220789,-0.28371603221242,0.035790823566691,-0.19690333518184,0.0016845577996443,0.0011718111595825,0.0012294524883934,33.566366119151,3.5031967739597
2400.0,72000.0,8.6474153038696e-07,0.038111860527502,0.00027818870930036,-0.0012852705050557,6.0014719483146e-20,0.06585091249098,-0.28109262383446,0.035631625660538,-0.19315775048132,0.0016689813691892,0.0011495204353183,0.0012397371757639,33.566154581952,3.5031934321955
2420.0,72600.0,8.6114210408705e-07,0.037859721051299,0.00026211926926238,-0.0013120545735401,-2.0193632027348e-20,0.063353338740132,-0.27924656194966,0.035506786211797,-0.189447516187,0.00165802041671,0.0011274400883971,0.0012483424862326,33.56594264212,3.5031970131653
2440.0,73200.0,8.5758255580065e-07,0.037612058790708,0.0002440740854494,-0.0012577335068201,-4.6237755576638e-20,0.060917349876715,-0.27726602803505,0.035395065682302,-0.18577957615741,0.0016462610394647,0.0011056114431109,0.0012552857043867,33.565730344605,3.5032076494465
2460.0,73800.0,8.5406130422216e-07,0.037369394645098,0.00022383362634264,-0.0011313738039344,1.8872553296587e-21,0.058541046195276,-0.27492648014424,0.035263592825501,-0.18215983519745,0.0016323700245074,0.0010840696401356,0.0012606045291644,33.565517772577,3.5032229078177
2480.0,74400.0,8.5057696991654e-07,0.037131829640279,0.00020301523895456,-0.00097737663812755,-2.1892161824041e-20,0.056222332423004,-0.27251576701654,0.044808756795556,-0.17859299129632,0.0016180564674965,0.0010628426381451,0.0012643332415974,33.565305038805,3.5032361189397
2500.0,75000.0,8.4712833147253e-07,0.036899028869954,0.00019425704453515,-0.00079145244578761,-1.6419121368031e-20,0.053959071909799,-0.27136151434438,0.05440433115098,-0.17508240789624,0.0016112031172417,0.0010419504536574,0.0012664901104886,33.56509228227,3.5032492325598
2520.0,75600.0,8.4371433089562e-07,0.036670259712126,0.00019147621171448,-0.00070577291176586,4.9068638571126e-21,0.051749258837327,-0.2697400225231,0.06378510520976,-0.17162994907002,0.0016015755446534,0.0010214041801429,0.0012670972779944,33.564879663316,3.5032401816548
2540.0,76200.0,8.4033414074209e-07,0.036444486347049,0.000312504389792,-0.00066769003610503,8.3982862169812e-21,0.049591167218106,-0.26765705722967,0.072938653051888,-0.16823588581895,0.0015892079833137,0.0010012054303845,0.0012662061450706,33.564667350636,3.5032425736067
2560.0,76800.0,8.3698725510023e-07,0.036220513221387,0.00053990086767744,-0.00062646912783443,-3.3876233167373e-20,0.047483439001224,-0.26511928707315,0.081855209453494,-0.16489902322207,0.0015741400279446,0.00098134709316844,0.0012638966981522,33.564933921133,3.5032566250255
2580.0,77400.0,8.3367359087929e-07,0.035997151473099,0.00073473831884562,-0.00057865212554564,1.8117651164723e-20,0.045425118782697,-0.26213429748985,0.09052733958111,-0.16161701238126,0.00155641671691,0.00096181518973178,0.0012602589805506,33.565290999609,3.5032825454955
2600.0,78000.0,8.3039349744616e-07,0.035773376679347,0.00088508364720133,-0.00052992500873627,-1.6324758601548e-20,0.043415665913931,-0.25871055490106,0.098949590126661,-0.1583866755621,0.0015360883194031,0.00094259080874095,0.0012553860085717,33.565632996913,3.5033204962482
2620.0,78600.0,8.2714763539845e-07,0.035548460862133,0.00098244524494656,-0.00048217190301487,-7.5490213186348e-22,0.041454958288397,-0.25490481705782,0.10711816385098,-0.15520427760774,0.0015134918333418,0.00092365172152987,0.001249381022156,33.565959087864,3.5032907869436
2640.0,79200.0,8.2393681605117e-07,0.035322072641911,0.0010226074792306,-0.00043746924516366,-6.7469378035298e-21,0.039543280292686,-0.25067942082733,0.11503053734289,-0.15206583192991,0.0014884036346907,0.0009049742031139,0.0012423552616101,33.566268513601,3.5032626263824
2660.0,79800.0,8.2076183193618e-07,0.035094333888068,0.001006462617037,-0.00039793438834815,2.6987751214119e-20,0.037681290225674,-0.24604398624588,0.12268500331982,-0.14896749130393,0.0014608808422069,0.0008865353578889,0.0012344105598613,33.566560577459,3.5032434744523
2680.0,80400.0,8.1762326946256e-07,0.034865818193665,0.0009397527413605,-0.00036548492116964,-3.4914223598686e-20,0.035869979316337,-0.24100940734718,0.13008024152814,-0.1459059197615,0.0014309881389796,0.00086831533283974,0.0012256304632642,33.566834645265,3.5032339480049
2700.0,81000.0,8.1452137228701e-07,0.034637488382303,0.00083175732272256,-0.00034158666952024,-1.4838545029441e-20,0.034110634244272,-0.23558726404892,0.13721501649513,-0.14287851161852,0.0013987942805197,0.00085029862101877,0.0012160922434698,33.567090144395,3.503234533559
2720.0,81600.0,8.1145596334813e-07,0.034410583422075,0.00069394888772155,-0.00032696277987887,4.0045199026195e-20,0.032404794167521,-0.22979813250604,0.14408799984683,-0.13988344522421,0.0013644214373014,0.00085749652755505,0.001205881114485,33.567326557356,3.5032455590719
2740.0,82200.0,8.0842643497139e-07,0.034186470103863,0.00053917120403436,-0.00035203653948194,1.0780946070675e-20,0.03075418304014,-0.22369171542086,0.15069765977116,-0.13691966248111,0.0013281647180441,0.00089683193674565,0.0011950874632206,33.5675434135,3.5032602246941
2760.0,82800.0,8.0543178599985e-07,0.033967816570414,0.00038083055112265,-0.00038674039066016,-9.389095265052e-21,0.029160617868747,-0.21723454254628,0.15704217811899,-0.13398685509878,0.0012898253938802,0.00093458943534409,0.0011875889470633,33.56774028553,3.503270266821
2780.0,83400.0,8.0247074976286e-07,0.033775059038903,0.00029083372438092,-0.00043477247466412,1.4579047421613e-20,0.027625917853313,-0.21044006709082,0.16311939139359,-0.1310854684927,0.0012494833429437,0.00097075614794838,0.0012140176538705,33.567916793165,3.5032916772841
2800.0,84000.0,7.9954189734166e-07,0.033586627746455,0.00027826981878326,-0.00048172858053502,-3.8216920425588e-20,0.026151835059671,-0.20332232842208,0.1689267825412,-0.12821667295248,0.0012072219236761,0.0010053170950676,0.0012388063059555,33.568072610813,3.5032904250068
2820.0,84600.0,7.9664369873315e-07,0.033401332838672,0.00026217949336484,-0.00053957766563849,3.3593144867925e-20,0.024740007794623,-0.19593149336197,0.17446156473715,-0.1253822371147,0.0011633390004966,0.0010382556917506,0.0012618491879103,33.568207474569,3.5032364382667
2840.0,85200.0,7.9377462402099e-07,0.033217863902635,0.0002444881893429,-0.00060627457226776,3.6235302329447e-20,0.023391934174653,-0.18827374751616,0.17972086629989,-0.12258429021102,0.0011178713003048,0.0010695548480454,0.0012830522038764,33.568321186849,3.5031985593779
2860.0,85800.0,7.9093321790944e-07,0.033034923354331,0.00022950738841971,-0.0006377845688036,3.699020446131e-20,0.022108967537196,-0.18033615153947,0.18575043903348,-0.11982503065632,0.0010707419960188,0.0011054380422544,0.0013023338232367,33.568413619499,3.5031767679615
2880.0,86400.0,7.8811812499889e-07,0.032851353560972,0.00022472722910739,-0.00063326405708163,-9.4362766482934e-22,0.020892329725572,-0.17282735556115,0.19237218369419,-0.11710646451782,0.0010261586824408,0.0011448453701301,0.0013196220232022,33.568484715222,3.5031707587465
2900.0,87000.0,7.8532811379873e-07,0.032666242499192,0.00021657001825523,-0.00059582685849848,-3.5857851263515e-21,0.019743129634308,-0.16685067186869,0.19861563420811,-0.11443022989005,0.0009906722523944,0.0011820013938193,0.0013348498299318,33.568534487499,3.5031799920087
2920.0,87600.0,7.8256208484104e-07,0.032478998350964,0.00020574670612431,-0.00057035751369751,3.3215693801993e-20,0.018662375810942,-0.16052969465615,0.20449901491607,-0.11179751279252,0.00095314158702552,0.0012170145700222,0.0013479547571302,33.568563018972,3.5032037440397
2940.0,88200.0,7.7981908946595e-07,0.032289389527535,0.00019371136707574,-0.00054155282199775,1.1323531977952e-20,0.017650988851463,-0.15386802431799,0.21004026872718,-0.10920903195572,0.00091358806359825,0.0012499916805823,0.001358879643988,33.568570459201,3.5032167531109
2960.0,88800.0,7.7709834991444e-07,0.03209754982474,0.0001921032838021,-0.00050455063120874,-8.3039234504982e-21,0.016709836810949,-0.14799167392904,0.21518611249472,-0.10666506435637,0.00087869736036952,0.0012806156268284,0.0013675722550734,33.568557023825,3.5031860570661
2980.0,89400.0,7.7439929517013e-07,0.031903950556411,0.00030300709963082,-0.00046005226213655,3.7745106593174e-21,0.015839808420777,-0.14412747319455,0.21992469253278,-0.10416546664544,0.00085575375215711,0.0013088158651029,0.0013739858812693,33.568522994648,3.5031697817352
3000.0,90000.0,7.7172162563758e-07,0.031717186008856,0.00041346454320233,-0.00041116149643032,3.7745106593174e-21,0.015041906394529,-0.14011357998132,0.22424524318204,-0.10170965333396,0.00083192134809252,0.0013345283268123,0.0013780801970971,33.568468716736,3.5031675727603
3020.0,90600.0,7.6906528089439e-07,0.031532711887546,0.00051672771614892,-0.00036139188041701,-2.6421574615222e-21,0.014317325113593,-0.13594913710039,0.2281385380489,-0.099296558290996,0.00080719505863491,0.0013576981038419,0.0013798192111783,33.568394589624,3.5031789222947
3040.0,91200.0,7.664304206546e-07,0.031345459587328,0.00060698947610938,-0.00031405735609756,3.3970595933856e-21,0.013667491939631,-0.13163348669589,0.2316326997311,-0.096924656551165,0.0007815709777793,0.0013785062323437,0.0013827161975547,33.568301054023,3.5032032095558
3060.0,91800.0,7.6381740215171e-07,0.031155950752584,0.00067966862354296,-0.0002717029759828,9.8137277142252e-21,0.013094068700736,-0.1271661549335,0.23475949780135,-0.0945920889185,0.00075504629214471,0.001397114618086,0.0014132141324007,33.56818857877,3.5032397388633
3080.0,92400.0,7.6122667135083e-07,0.030965003815306,0.00073150982311746,-0.00024523860358167,-4.1519617252491e-21,0.012598914666226,-0.12356354947102,0.23745663470845,-0.092296866412681,0.00073365590019704,0.0014131659788837,0.0014421941724818,33.56805765354,3.5032877747091
3100.0,93000.0,7.5865865607379e-07,0.030773643185452,0.00076058589254096,-0.00023389866959733,8.3157187963086e-21,0.01218402330044,-0.12118016691243,0.23971745001945,-0.090037087496434,0.00071950461784866,0.0014266206767739,0.0014694912799731,33.567908789181,3.503346572989
3120.0,93600.0,7.561137105483e-07,0.030585138129524,0.00076648264683306,-0.00022266160717586,2.4911770351495e-20,0.011851456833815,-0.11876635298934,0.24153671202428,-0.087811084253684,0.00070517264993226,0.0014374475764942,0.0014949411036612,33.567742520632,3.5034154068783
3140.0,94200.0,7.5359204353272e-07,0.030431597542839,0.0007507034948182,-0.00021064349391047,2.1137259692177e-20,0.011603293798427,-0.1163223812079,0.24291094315207,-0.085617462944408,0.00069066162038474,0.0014456259821189,0.0015183784072505,33.567559406289,3.5034935856796
3160.0,94800.0,7.5109368619628e-07,0.030278219231706,0.00071682259615828,-0.0001985820001378,-7.171570252703e-21,0.011441583003489,-0.11384835828564,0.24387001888597,-0.083455090157965,0.00067597216283912,0.0014513336903915,0.0015396394241787,33.567360023631,3.5035563458762
3180.0,95400.0,7.4861849272186e-07,0.030126123214988,0.0006698579660986,-0.00018888305292056,2.5666672483358e-20,0.015849483182903,-0.11134423338484,0.24446583168886,-0.081323088062399,0.00066110397544759,0.0014548795268086,0.0015585635074654,33.567144963729,3.5035463987265
3200.0,96000.0,7.4616615182899e-07,0.029977849070671,0.00061506401029237,-0.00018376417087411,2.5289221417426e-20,0.021746569364148,-0.10880980524428,0.24462612803899,-0.079220848110295,0.0006460558632259,0.001455833491935,0.0015749939578773,33.566914825114,3.5035420365903
3220.0,96600.0,7.4373626954325e-07,0.029830364489856,0.00055702652467809,-0.00020327241202348,-6.7941191867713e-21,0.027609331565294,-0.10624473092529,0.24434941815783,-0.077148052264172,0.00063082578998321,0.0014541867197125,0.0015887839556178,33.566670208038,3.5035436058777
3240.0,97200.0,7.4132836183678e-07,0.029682780091088,0.00049958892039989,-0.00022658614472741,-3.7745106593174e-21,0.034689704022924,-0.10364854333735,0.24363579649933,-0.075104706164098,0.00061541098237967,0.0014499397722612,0.0015998072990985,33.566411713008,3.5034797972562
3260.0,97800.0,7.3894187985889e-07,0.029534335958536,0.00044619026578487,-0.00025032903707686,1.1323531977952e-20,0.042732816875668,-0.10102068129908,0.24248715276548,-0.073091174614535,0.00059980810841287,0.0014431038956872,0.0016079663872131,33.566139946003,3.5034154780344
3280.0,98400.0,7.3657626063956e-07,0.029384461274877,0.00039993805607369,-0.00027222965134882,-2.5289221417426e-20,0.051596640771251,-0.098360527960708,0.24095201102691,-0.071108172235528,0.0005840135055508,0.0014339536462621,0.0016131915424483,33.565855527662,3.5033609441504
3300.0,99000.0,7.3423091640784e-07,0.029232821732643,0.00036335615395557,-0.00029086730827201,-1.5852944769133e-20,0.060428004000735,-0.095667445947706,0.23906104947374,-0.06915666430744,0.0005680233893959,0.0014227001555668,0.0016154336192115,33.565559099785,3.5033169286299
3320.0,99600.0,7.3190521564819e-07,0.029079345819725,0.00033818964223078,-0.00030573615552587,1.5852944769133e-20,0.069183509181615,-0.092940798034354,0.23675419548356,-0.067237701344646,0.00055183397643427,0.0014089716057344,0.0016146567977116,33.565251323804,3.5032841325657
3340.0,100200.0,7.2959846989269e-07,0.028924223913898,0.00032535236696897,-0.00031686089103299,1.0379904313123e-20,0.07784986024932,-0.090179953976612,0.23403513201565,-0.06535227279262,0.00053544152460558,0.0013927899147926,0.0016108363409673,33.56493287204,3.5032631820408
3360.0,100800.0,7.2730994449568e-07,0.028767879379686,0.00032474792118023,-0.00032431663610077,5.1899521565614e-20,0.08641335813504,-0.087384294383261,0.23090933727956,-0.063501241829335,0.00051884235628785,0.0013741876846631,0.0016039615024493,33.564604417725,3.5032545842234
3380.0,101400.0,7.2503890954837e-07,0.028610915914124,0.00033495793414024,-0.00032797267498684,-9.4362766482934e-22,0.094859898731235,-0.084553221386603,0.22738417985668,-0.061685357719282,0.00056323416893026,0.0013532087672486,0.0015940395057267,33.564266629252,3.5032586884468
3400.0,102000.0,7.2278469686618e-07,0.028454048108718,0.00035323232202547,-0.0003275281422112,6.2751239711151e-21,0.10317498909867,-0.081686180181281,0.22357253115774,-0.059905302365365,0.00061260532655665,0.0013305248829066,0.001581097888318,33.56392016933,3.5032756569825
3420.0,102600.0,7.2054676550885e-07,0.028298023296867,0.00037606972229544,-0.0003227309951097,2.3873779920182e-20,0.11134377450345,-0.078782690532746,0.21976015758585,-0.058161725408385,0.00066110779303795,0.0013078366847006,0.0015651874391947,33.563565696648,3.5033054485987
3440.0,103200.0,7.1832472799784e-07,0.028145284849198,0.00040012189474558,-0.00031363947536539,6.7941191867713e-21,0.11935107213296,-0.075842383910569,0.21778786965954,-0.056455253790732,0.00070865141986085,0.0012960992044805,0.0015463841446065,33.563203868595,3.5033439898093
3460.0,103800.0,7.1611838740507e-07,0.027994184877687,0.00042287982368021,-0.00030081222669989,-3.7745106593174e-21,0.12718141271584,-0.07286504116086,0.21537757791544,-0.054786488172363,0.00075514435765253,0.0012817550758705,0.0015247839407825,33.562835343458,3.5033396287613
3480.0,104400.0,7.1392776393643e-07,0.027843037664524,0.00044280570892662,-0.00029785888801914,5.6617659889761e-21,0.13481908557231,-0.069850626632653,0.21253810308475,-0.053155995081205,0.00080049332366885,0.0012648567928075,0.0015004929967213,33.562460778485,3.5033462717763
3500.0,105000.0,7.1175303529772e-07,0.027694608309538,0.00045902904317155,-0.00030451056231558,1.736274903286e-20,0.14224818258311,-0.066799316575619,0.2100667916029,-0.051564312044129,0.00084460386286138,0.0012501495235245,0.0014736231238749,33.56208082247,3.5033639267501
3520.0,105600.0,7.0959449744432e-07,0.027550693553711,0.00047102616679755,-0.00030770725689784,1.509804263727e-21,0.14945264862361,-0.063711523176519,0.20740469670294,-0.05001200458617,0.00088738064733173,0.0012343068639334,0.001483713346867,33.561696106511,3.5033924587163
3540.0,106200.0,7.0745254591265e-07,0.027409641091812,0.00047854986059426,-0.00031351270400861,1.3588238373543e-20,0.15641634734961,-0.060587920673004,0.20429578981693,-0.048499790869258,0.00092872786693748,0.00121580513678,0.0015155655970898,33.561307237604,3.5034315949495
3560.0,106800.0,7.0532758471855e-07,0.027502743815294,0.00048171120699921,-0.0003166171446287,3.7745106593174e-22,0.16312313710678,-0.05742948173463,0.20074869184922,-0.047028680470267,0.00096854968000701,0.0011946956467916,0.0015453450334158,33.560914795953,3.5034809361691
3580.0,107400.0,7.0321995665905e-07,0.027712619947418,0.00048102893710803,-0.00031663057525735,-1.1323531977952e-21,0.16955694593658,-0.054237525305686,0.19677373158138,-0.045600041323779,0.00100675065869,0.0011710398626148,0.0015729213554632,33.560519334107,3.5035399719073
3600.0,108000.0,7.0112989980972e-07,0.027910805132027,0.00047743116774019,-0.00031435528735878,1.736274903286e-20,0.17570184757472,-0.051013766951662,0.19238288094047,-0.044215572471287,0.0010432362402014,0.0011449090315838,0.0015981769199852,33.560121376847,3.5036080982232
3620.0,108600.0,6.9905753192712e-07,0.028094802219185,0.00047222272290875,-0.00031387434208359,-1.4720591571338e-20,0.18154215015006,-0.047760361908861,0.18758968759234,-0.042877241973243,0.0010779132534738,0.0011163837785698,0.0016210083560733,33.559721421728,3.5035936070651
3640.0,109200.0,6.9700287013135e-07,0.028262269163846,0.00046689342772352,-0.00031317078570646,-1.1323531977952e-20,0.1870624951719,-0.044479939829261,0.18240919465384,-0.041587234607253,0.0011106905068988,0.001085553628172,0.0016413227534199,33.559319938231,3.5035584160345
3660.0,109800.0,6.9496586743385e-07,0.028411046808123,0.00046270896192067,-0.00031068978350217,2.2647063955904e-21,0.1922479469654,-0.041175635593836,0.17685784170399,-0.040347891741114,0.0011414793193528,0.0010525164156159,0.0016590303867713,33.558917362688,3.5035326662178
3680.0,110400.0,6.9294643988959e-07,0.028539178423409,0.00046030796454057,-0.00030676257629487,1.0379904313123e-20,0.19708406656876,-0.037851117648657,0.17095335366985,-0.039161638475059,0.0011701939589643,0.0010173776254901,0.0016740447427661,33.558514090749,3.5035124865564
3700.0,111000.0,6.9094450175503e-07,0.028644927913995,0.00045957794759675,-0.00030268549725768,-1.2927699008162e-20,0.20155699228943,-0.034510613212502,0.16471462702154,-0.038030938851086,0.0011967521214193,0.00098024971447058,0.0016862937583996,33.558110473598,3.5034627936489
3720.0,111600.0,6.8895996573917e-07,0.02874479916241,0.00045980456647064,-0.00030202021478959,-1.5192405403752e-20,0.20565354660733,-0.031158930738322,0.15816161779012,-0.036958291030914,0.0012210755647033,0.00094125144489259,0.0016957322185875,33.557706821401,3.503421842852
3740.0,112200.0,6.8699269888298e-07,0.028876521408647,0.00045993448854351,-0.00030071196461079,1.2644610708713e-20,0.20936135879279,-0.027801479168929,0.15131523125596,-0.035946217339112,0.0012430908371499,0.00090050722826398,0.0017023444277613,33.557303410716,3.5033901680313
3760.0,112800.0,6.8504249427698e-07,0.028982597726296,0.00045890875707551,-0.00029888265225078,1.8400739464172e-20,0.21266897629538,-0.024444281245179,0.14419720997809,-0.034997214386996,0.0012627299388159,0.00085814645890554,0.0017061376342702,33.556900490178,3.5033682455334
3780.0,113400.0,6.8310905556502e-07,0.029062027605637,0.00045601808107916,-0.00029653465119488,-9.9080904807081e-21,0.21556595477072,-0.021093976457635,0.13683001609838,-0.034113681871411,0.001279930856019,0.0008143028135194,0.0017071345094118,33.556498282134,3.5033564611045
3800.0,114000.0,6.811920076421e-07,0.029114061504569,0.00045345835215639,-0.00029837931911852,-6.2279425878737e-21,0.2194012933086,-0.01775781046091,0.12923670627037,-0.033297866601638,0.0013027033209156,0.00076911350686594,0.0017053706306139,33.556096982057,3.503355081619
3820.0,114600.0,6.7929090839079e-07,0.029138196531002,0.00045096351288006,-0.00030254445264457,1.863664638038e-20,0.22286580872288,-0.014443612518311,0.12183462363531,-0.032551837318069,0.0013232740097547,0.00072506223151343,0.0017008952800016,33.555696758377,3.5033642346136
3840.0,115200.0,6.7740528463819e-07,0.029134168362644,0.00044691749283085,-0.00031572949747375,1.6041670302099e-21,0.22587926336048,-0.011562375049733,0.11425223959777,-0.03187748824881,0.0013411665084935,0.00067993794642594,0.0016937697499633,33.555297752905,3.5033838971256
3860.0,115800.0,6.7553467908901e-07,0.029101939420571,0.00044172342462014,-0.00032848223566339,2.3968142686665e-20,0.22844137136508,-0.010923768051528,0.10651071293323,-0.031276563644328,0.0013563791198497,0.00063386657171133,0.0017012205597462,33.554900080538,3.5034138939633
3880.0,116400.0,6.7367869212633e-07,0.029041686723529,0.0004360541083701,-0.00034045172126262,7.0772074862201e-21,0.2305531253323,-0.010291186623668,0.098633157409979,-0.030750689297957,0.0013689177373964,0.00058698566203122,0.0017186236979588,33.554503829436,3.5034539045032
3900.0,117000.0,6.7183701392879e-07,0.028953791904854,0.00043065586576551,-0.00035112696672304,-5.1899521565614e-21,0.23221677449124,-0.0096661184258113,0.09064267235383,-0.030301389840057,0.0013787957160149,0.00053943268609699,0.0017331933210764,33.554109064638,3.5034806542025
3920.0,117600.0,6.7000944387267e-07,0.028838831567411,0.000426303681515,-0.0003601084040454,-2.7837016112466e-20,0.23343580522765,-0.0093747663041443,0.084362330633249,-0.029930073889396,0.0013860337562501,0.00050205711545278,0.0017448586973069,33.553715834656,3.5034996855465
3940.0,118200.0,6.681958952488e-07,0.02869756395709,0.00042380186613736,-0.00036732402951826,-3.3781870400891e-20,0.23421490663308,-0.0095238637957898,0.07925924920766,-0.030235013168118,0.0013906596997571,0.00047168765646297,0.0017535670700202,33.553324176717,3.5035276505491
3960.0,118800.0,6.6639637805661e-07,0.028530909712803,0.00042387777952164,-0.00037298728470992,3.7745106593174e-22,0.23455991201237,-0.0096601086306098,0.073962225415164,-0.035489877215223,0.0013927081819996,0.00044016400762843,0.0017592747501883,33.552934117718,3.5035644165838
3980.0,119400.0,6.6461094421488e-07,0.028339928446809,0.00042702600328849,-0.0003773810118885,1.5852944769133e-20,0.23454279771817,-0.0097833975137671,0.068480451429635,-0.042299274223933,0.0013925927842904,0.0004075408734158,0.0017619440101374,33.552545672195,3.5035980079441
4000.0,120000.0,6.6283964157575e-07,0.028141281189967,0.00043345774405601,-0.000380688164692,-2.0759808626246e-20,0.23421543670172,-0.0098936662833992,0.062824301954453,-0.04967971108402,0.0013906490853417,0.00037387999576148,0.0017615471560674,33.552158840842,3.5035684966738
4020.0,120600.0,6.6108248202298e-07,0.027925677417012,0.00044316634871327,-0.00038296193011253,2.6421574615222e-21,0.23347681679524,-0.0099908811715002,0.057005331436357,-0.057064184159038,0.0013862635456359,0.00033960038182328,0.0017580732925081,33.551773611958,3.5035320489527
4040.0,121200.0,6.5933941138655e-07,0.027688848913214,0.00045597309479824,-0.00038417535541987,2.9818634208607e-20,0.23233590011767,-0.010075031833884,0.051036248817887,-0.064445576002007,0.0013794893775603,0.00038353232625997,0.0017515326761732,33.551389965276,3.5035046641285
4060.0,121800.0,6.5761029560657e-07,0.02743200888193,0.00047146973600949,-0.0003843043917864,-1.188970857685e-20,0.23080245113568,-0.010174395689748,0.044930877447384,-0.071883778888907,0.0013703845574244,0.00042779475633153,0.0017419571683128,33.551007876024,3.5034791022604
4080.0,122400.0,6.5589492900695e-07,0.027156420142634,0.00048892777110883,-0.00038345936755919,-8.3039234504982e-21,0.22888697566832,-0.010630078301856,0.038704120037359,-0.079254400253003,0.0013590114633014,0.00047165879936324,0.0017293983916367,33.550627317795,3.5034525240974
4100.0,123000.0,6.5419306039666e-07,0.026863379885012,0.00050729133080346,-0.0003856829571559,-7.9264723845665e-21,0.22660065739701,-0.011080269139421,0.032845943742152,-0.086490615787048,0.0013454364980575,0.00051472296639783,0.0017139248557355,33.550248264505,3.5034286017248
4120.0,123600.0,6.5250442257535e-07,0.026554205221223,0.00052528529074811,-0.00039014308357406,1.3022061774645e-20,0.22395529352575,-0.011524031056834,0.02917949026903,-0.093775840397106,0.0013297297073362,0.00055807879625336,0.0016956173144965,33.549870691752,3.5034074020946
4140.0,124200.0,6.5082876110925e-07,0.026230217538564,0.00054158551319311,-0.00039512398227361,1.8117651164723e-20,0.22096322164574,-0.011960434703,0.025487232269717,-0.10083505488749,0.0013119643453182,0.00060008959464885,0.0016745631039522,33.549494576873,3.5033889971537
4160.0,124800.0,6.4916584505218e-07,0.025892726691173,0.0005549974066045,-0.00040074759935836,-1.8683827763621e-20,0.2176372405991,-0.012388558867204,0.023120613349987,-0.1076572115697,0.0012922164048515,0.00064068961457865,0.001650854331703,33.549119897875,3.5033734674293
4180.0,125400.0,6.475154783671e-07,0.025543019194528,0.00056461625565209,-0.00040695570293276,6.6053936538054e-22,0.21400928541793,-0.012807494042267,0.021267616183444,-0.11423198778275,0.0012706754994978,0.00067981742382116,0.0016245931160014,33.548746633334,3.5033609036193
4200.0,126000.0,6.4587748131454e-07,0.025182351423606,0.00056992765126646,-0.00041356977784293,-1.4248777738923e-20,0.21014035128999,-0.013216349377413,0.019393100891942,-0.12054982053345,0.0012477037868642,0.00071741611108974,0.0015958989591654,33.548374764693,3.5033514075193
4220.0,126600.0,6.4425167085286e-07,0.025303140067393,0.00057131336196202,-0.00042041022565874,5.9448542884249e-21,0.20662486097788,-0.013614256912831,0.01750257644555,-0.12660193729878,0.0012268306392361,0.00075343346934407,0.0015649105559234,33.548004279825,3.5033078355302
4240.0,127200.0,6.4263786540891e-07,0.025465123782222,0.00056834407502162,-0.00042740619967977,-1.3305150074094e-20,0.20310728065353,-0.014000371902696,0.015601602544146,-0.13238036574998,0.0012059450822056,0.00078782205365989,0.0015317807479389,33.547635175685,3.5032668672017
4260.0,127800.0,6.4103588536378e-07,0.025623569902713,0.00056137653980754,-0.00043462438626949,-7.3602957856689e-21,0.1992095507864,-0.014373873707742,0.013695744977099,-0.13935209096153,0.0011828023954939,0.00082931218584524,0.0014966686425152,33.547267458881,3.5032290388872
4280.0,128400.0,6.3944556387776e-07,0.025776963727049,0.00055119594354204,-0.00044220214160994,6.9828447197371e-21,0.1949437389066,-0.014733969138231,0.01179053222383,-0.14728761139839,0.0011574742297998,0.00087653805632848,0.001459733065094,33.547060924815,3.5031945098102
4300.0,129000.0,6.3786675584403e-07,0.025923836295987,0.00053882700028821,-0.0004502356035534,-2.3590691620734e-21,0.19032289806423,-0.015079895942989,0.011170677393694,-0.15491014870867,0.0011300380873258,0.00092190130157909,0.0014211302924264,33.546871029619,3.503163456511
4320.0,129600.0,6.3629934173362e-07,0.0260627834893,0.00052549092907298,-0.00045869459202936,4.8125010906297e-21,0.18536100301767,-0.015410924619148,0.011056338684565,-0.1622049828783,0.0011005769428973,0.00096531431984706,0.001381016670704,33.546681731014,3.5031360689834
4340.0,130200.0,6.3474322456348e-07,0.026245340530109,0.00051254242862013,-0.00046741213969966,1.3776963906508e-20,0.18007289014347,-0.015726359315576,0.010943714808606,-0.1691586547452,0.0010691788871788,0.0010066970129649,0.0013395528018117,33.546493010932,3.5031125463724
4360.0,130800.0,6.3319832870677e-07,0.026416288524665,0.00050132714678963,-0.00047614416331439,3.2083340604198e-21,0.17447419608466,-0.016025539707631,0.010832736949463,-0.17575902374002,0.0010359367623999,0.0010459771299743,0.0012969048442941,33.546304853121,3.5030930933148
4380.0,131400.0,6.3166458587849e-07,0.026572499515581,0.00049296629147133,-0.00048464326482611,3.5857851263515e-21,0.16858128831494,-0.016307844241084,0.010723333076393,-0.18199526531767,0.0010009477500813,0.0010830902518409,0.0012532420197247,33.546117242237,3.5030779174063
4400.0,132000.0,6.3014192612647e-07,0.026712488531198,0.00048817737803518,-0.00049269302077807,-4.1047803420076e-21,0.16241118917324,-0.016572693285304,0.010615404231335,-0.18785781081564,0.00096431291999193,0.0011179794335388,0.0012087322118847,33.545930163395,3.5030672276156
4420.0,132600.0,6.2863026568206e-07,0.02683493761245,0.00048722948577808,-0.00050009778239773,-2.6893388447636e-21,0.15598150083505,-0.016819551134329,0.010508798560157,-0.19333826845438,0.00092613678466775,0.0011505947339083,0.0011635372494209,33.545743603466,3.5030612329354
4440.0,133200.0,6.2712950762749e-07,0.026938691570969,0.0004900167210811,-0.00050665185678532,1.1771755118746e-20,0.14931033513313,-0.017049309478394,0.010403315896987,-0.19842936326355,0.00088652688272369,0.0011808928581445,0.0011178094275418,33.545557553564,3.5030601402669
4460.0,133800.0,6.256395428543e-07,0.027022756921276,0.00049615745457983,-0.0005121179184959,-8.2567420672568e-22,0.14241624713544,-0.017294519654442,0.01029874960001,-0.2031249099003,0.00084559338447411,0.0012088369960343,0.0010716911070791,33.545372010849,3.5030641504657
4480.0,134400.0,6.2416025052548e-07,0.02708630379268,0.0005050570659225,-0.0005162508924996,3.4560363224375e-21,0.13531817015451,-0.017519167787593,0.010194947424804,-0.20741981091251,0.00080344870605234,0.0012343968116198,0.0010253177605213,33.545186978222,3.5030734516152
4500.0,135000.0,6.2269150463968e-07,0.027128667861562,0.0005159409587361,-0.00051887938151417,7.1479795610823e-21,0.12809296211578,-0.017722775000175,0.010091861108432,-0.21131006086561,0.00076054918972686,0.001257548467758,0.00097882246185283,33.545002462007,3.503079294265
4520.0,135600.0,6.2123318835079e-07,0.027149347858494,0.00052883508599386,-0.00052000487060845,1.4767772954579e-20,0.12082451300618,-0.017904922141025,0.0099895564310218,-0.21479273198558,0.00071739293047912,0.0012782745406799,0.00097848683643107,33.54481846887,3.5030560389044
4540.0,136200.0,6.1978520673667e-07,0.027147994981272,0.00054216322384954,-0.00051984850449589,-1.415441497244e-21,0.11340171412239,-0.018065251215314,0.0099035286196354,-0.21786592427296,0.00067332022278836,0.0012965637231083,0.0010067706212382,33.544635003366,3.5030368440306
4560.0,136800.0,6.1834749239177e-07,0.027124395661873,0.00055441608806333,-0.00051880154686072,-4.4350500246979e-21,0.10584573853343,-0.018203464670173,0.0098276133899931,-0.22052869084218,0.00062845678129354,0.0013124103799376,0.0010328143678043,33.544452067017,3.5030218887235
4580.0,137400.0,6.1692000062597e-07,0.027078456058579,0.00056456595331049,-0.00051731027570303,1.8683827763621e-20,0.098177777157999,-0.018319323902967,0.0097536899126302,-0.22278097984293,0.00058292842661573,0.0013258142025963,0.0010566036353062,33.544269659063,3.5030113380277
4600.0,138000.0,6.155027077637e-07,0.0270101968986,0.00057174244468662,-0.00051577793423321,-5.9448542884249e-21,0.09057670955092,-0.018412647444964,0.0096864728653357,-0.22462362796008,0.00053780257422468,0.0013367801703635,0.0010781316666868,33.544087777997,3.5030053360937
4620.0,138600.0,6.1409559774388e-07,0.026919757928979,0.00057534442277839,-0.00051453627469518,-1.028554154664e-20,0.083649534087202,-0.018483307827437,0.0096641141226192,-0.2260583944572,0.00049667221284409,0.0013453187529689,0.0010973983797967,33.543906422397,3.5030039971369
4640.0,139200.0,6.1269863209758e-07,0.026807402522166,0.0005750779692102,-0.00051386276700678,-1.7457111799343e-20,0.076723460703868,-0.019102911837913,0.0096421044723742,-0.22708799125716,0.00045554839510668,0.0013514460896082,0.0011144109449055,33.543725590004,3.5030073947629
4660.0,139800.0,6.1131174156862e-07,0.026673514533397,0.00057089548770469,-0.0005139933582361,-7.0772074862201e-21,0.069810071714319,-0.023822249132276,0.0096204270317651,-0.22771607729701,0.00041449989142809,0.0013551839553482,0.0011291833586562,33.543545275482,3.503015550964
4680.0,140400.0,6.0993481957042e-07,0.026518586714214,0.00056291040460301,-0.00051512543649255,-2.4534319285563e-21,0.062920559865305,-0.028495336346352,0.0095990766075569,-0.22794721651044,0.00037359315915749,0.0013565595110719,0.0011417353498559,33.543365468641,3.5030284266337
4700.0,141000.0,6.0856772291534e-07,0.02634320458704,0.00055136815719284,-0.00051742343868238,5.8504915219419e-21,0.056065707502478,-0.033114546185303,0.0095780019886976,-0.22778681610316,0.00033289221887233,0.0013556049361426,0.0011520922967241,33.543186154725,3.5030459155814
4720.0,141600.0,6.0721027837949e-07,0.026148030854578,0.00053666422053288,-0.00052099768813466,3.6801478928344e-21,0.049255863304003,-0.037672361937013,0.0095570677964128,-0.22724106626859,0.00029245851623325,0.0013523570696405,0.0011602859330021,33.543007316713,3.5030678437606
4740.0,142200.0,6.0586229654788e-07,0.025933794825826,0.00051934271630295,-0.00052582521120773,-5.1899521565614e-21,0.042500923641718,-0.04436840485449,0.0096366730560893,-0.22631690130314,0.0002634390503176,0.0013468571789514,0.0011663546194572,33.542828937951,3.5030939748194
4760.0,142800.0,6.0452358630641e-07,0.025701288193363,0.00050004864735407,-0.00053166170159799,-1.5381130936718e-20,0.035810322979898,-0.052312060658562,0.009906634098712,-0.22502198950347,0.00031060480144022,0.0013391508996438,0.0011703422832519,33.542651003443,3.5031240222528
4780.0,143400.0,6.0319396298347e-07,0.025451363564959,0.0004794738822864,-0.00053804556023046,-4.2935058749735e-21,0.030442319581767,-0.06011094123231,0.01016621929764,-0.22336473612787,0.00035691094426024,0.0013292882530918,0.0011722954695508,33.54247349953,3.5031132154253
4800.0,144000.0,6.018732519486e-07,0.025184930225004,0.00045833360090075,-0.00054442360205486,-8.4159792356967e-21,0.027513296147715,-0.067753612756726,0.01041512570296,-0.22135427227244,0.000402289590053,0.0013173235802764,0.0011722598791336,33.542296412804,3.5031038103231
4820.0,144600.0,6.0056128821071e-07,0.024902944703228,0.00043734875273764,-0.00055031820287796,-1.1087625061745e-21,0.024600423615003,-0.075229062013813,0.01065307686171,-0.21900041584918,0.00044667534742793,0.0013033153095567,0.0011702799117253,33.542119729087,3.5030974339741
4840.0,145200.0,5.9925791213714e-07,0.024606397619159,0.00041719684583634,-0.00055543392927558,1.1323531977952e-20,0.021708939198417,-0.082526704239059,0.010879810115068,-0.21631361072026,0.00049000536895297,0.0012873255944471,0.0011664022176215,33.541943432938,3.5030939994464
4860.0,145800.0,5.9796296864122e-07,0.024296299419665,0.00039844892968425,-0.0005596561512279,1.2880517624921e-20,0.018843823498279,-0.089656370513848,0.011095056633443,-0.21330485682703,0.00053233802703864,0.0012694198978002,0.0011606795241272,33.541767508162,3.5030933873241
4880.0,146400.0,5.966763073741e-07,0.023991517780827,0.00038153611093681,-0.00056295962443515,-7.265933019186e-21,0.016863030149733,-0.096751819101796,0.011298527237065,-0.20998564220067,0.00057446751633889,0.0012496665871891,0.0011531709202696,33.541591939498,3.5030954574249
4900.0,147000.0,5.9539778726606e-07,0.023695220773191,0.00036694598062206,-0.00056528914830022,9.4362766482934e-21,0.016152982698237,-0.10363689645816,0.011489916781473,-0.20636788839138,0.0006153479186448,0.0012281366101451,0.0011439388465177,33.541416714722,3.5031000644039
4920.0,147600.0,5.9412728274999e-07,0.02338791228058,0.00035497313601179,-0.00056648077471496,-7.4546585521518e-21,0.015449084846635,-0.11030231638952,0.011668924414584,-0.2024639171652,0.00065492409683837,0.0012049032959643,0.0011330459356998,33.54124182584,3.503107075798
4940.0,148200.0,5.9286469037388e-07,0.023070349139185,0.0003453577011128,-0.00056626959144561,-5.4730404560102e-21,0.014751961000592,-0.11673928180746,0.011835275578345,-0.19828642922228,0.00069314381788066,0.0011800422290554,0.0011205534752059,33.541067268807,3.5031163905386
4960.0,148800.0,5.9160993283296e-07,0.022743304207338,0.00033789617713087,-0.00056438919436583,9.0588255823617e-21,0.014062180597361,-0.12293949289174,0.01198873496146,-0.19384847441953,0.00072995780128098,0.001153631071729,0.0011065207470619,33.540893042136,3.5031279557106
4980.0,149400.0,5.9036295931725e-07,0.022407561040868,0.00033228676292771,-0.00056070866267625,-1.3399512840577e-20,0.013380258832361,-0.12889516096142,0.012129106070902,-0.18916340222605,0.00076531980145716,0.0011257492693476,0.0010910048680589,33.540719145191,3.5031417793671
5000.0,150000.0,5.8912374144632e-07,0.022063906225764,0.00033209229685644,-0.00055531337894217,1.4343140505406e-20,0.012706657807781,-0.13459902574033,0.012329835438117,-0.18424479571816,0.00079918671025014,0.0010964776575173,0.0010740622533495,33.540545576964,3.5031579375487
5020.0,150600.0,5.8789226999472e-07,0.021713121410903,0.00033466679390581,-0.00054847479941556,-7.9264723845665e-21,0.012041787650244,-0.14004436944122,0.01256935284915,-0.17910639884671,0.00083151864054877,0.0010658980292405,0.0010557513528012,33.540372335951,3.503176574369
5040.0,151200.0,5.866685553388e-07,0.021355977462438,0.00033808235815708,-0.00054053800690542,-8.4926489834641e-21,0.011386005670469,-0.14522502426224,0.012792107287763,-0.17376204993741,0.0008622789708006,0.0010340927391633,0.0010361337972578,33.540199421041,3.5031874675519
5060.0,151800.0,5.8545261843523e-07,0.020993233264988,0.00034194895876888,-0.00053180102206739,-1.2455885175747e-20,0.010739611370777,-0.15013537524735,0.012997703678473,-0.16822563762338,0.00089143436199588,0.0010011444413215,0.0010152727861809,33.540026832714,3.5031706439664
5080.0,152400.0,5.8424448278324e-07,0.020625639202365,0.00034571521997208,-0.00052244988706459,7.171570252703e-21,0.010271597599492,-0.15492329578632,0.013185798980466,-0.16251108548559,0.00091986281787391,0.00096713599773211,0.00099323094199859,33.539854573597,3.5031557411404
5100.0,153000.0,5.8304417289407e-07,0.020253941539388,0.00034873928790079,-0.0005125736049731,-4.9068638571126e-21,0.010031562271635,-0.15945968078704,0.01335608484834,-0.15663234869191,0.00094679777215912,0.00093215045839263,0.001011285179209,33.539682647832,3.503142940518
5120.0,153600.0,5.8185171227684e-07,0.019878883558442,0.00035045367692367,-0.00050223323715915,2.3024515021836e-20,0.0097972757578238,-0.16371052903127,0.013508274250901,-0.15060339653025,0.00097203734135653,0.00089627095733138,0.0010301965650909,33.539511059525,3.5031324803326
5140.0,154200.0,5.8066712396577e-07,0.019501202767149,0.0003505287781915,-0.00049152859667891,-2.830882994488e-21,0.0095685471035202,-0.16767182893541,0.013642100421181,-0.14443817120268,0.00099555770653966,0.00085958046738355,0.0010471807506484,33.539339811148,3.5031246499742
5160.0,154800.0,5.7949043296247e-07,0.019222324875081,0.00034894270155116,-0.00048062361338273,2.1703436291075e-20,0.0093451636345401,-0.17134017299832,0.013757324016887,-0.13815053347829,0.001017338635544,0.00082216147676032,0.0010622402899735,33.539168902809,3.5031197783322
5180.0,155400.0,5.7832166731852e-07,0.019150030069988,0.00034592088635191,-0.00047233737510548,7.5490213186348e-21,0.0091269042012945,-0.17471275851521,0.013853738338074,-0.13175421114613,0.0010373634872059,0.00078409568228207,0.0010753846460616,33.538998332754,3.5031182172018
5200.0,156000.0,5.7716085769371e-07,0.019078472495347,0.0003417858973885,-0.00046710539040838,-3.3970595933856e-21,0.008913545974284,-0.17778738411378,0.013931165297708,-0.12526276343523,0.0010556191907955,0.00074546377763478,0.0010866305139067,33.538828098759,3.5031203216071
5220.0,156600.0,5.760080333489e-07,0.019007670968095,0.0003368170564333,-0.0004621854514365,-4.340687258215e-21,0.0087048640497811,-0.18056244402532,0.013989440261905,-0.11868956767382,0.0010720962120016,0.0007063453739763,0.0010960004984498,33.538658199465,3.5031264294026
5240.0,157200.0,5.7486321522169e-07,0.018937633453274,0.00033120754822098,-0.00045777126877937,9.6250021812593e-21,0.0085006268066681,-0.18303692044771,0.014028392163869,-0.11204781911223,0.0010867885075864,0.00066681899888255,0.0011035213290924,33.538488634802,3.5031368425767
5260.0,157800.0,5.737264094661e-07,0.018868356598393,0.00032512163404451,-0.00045397772707915,2.0759808626246e-20,0.0083005919405826,-0.18523503114381,0.014047833544654,-0.10535052021958,0.0010998398714156,0.00062696203264974,0.0011092230634285,33.538319405444,3.5031518123677
5280.0,158400.0,5.7259760302453e-07,0.018799826363629,0.00031877520041139,-0.00045080917497971,-1.509804263727e-20,0.0083544160905824,-0.18727565343123,0.014047571609391,-0.098610442055877,0.0011119561419738,0.00058685047841228,0.0011131390363951,33.538150512001,3.5031715297805
5300.0,159000.0,5.7147676225977e-07,0.018732019782859,0.00031245638658966,-0.00044816978222524,9.8137277142252e-21,0.0086199877641343,-0.18901126310436,0.014027434351303,-0.091840067552317,0.0011222613888158,0.00054655862459224,0.0011153053873097,33.537981954771,3.5031961223638
5320.0,159600.0,5.7036383074137e-07,0.018664907150336,0.00030646031556603,-0.00044590122354534,-5.2843149230443e-21,0.0088787598259654,-0.19044222765836,0.013987292939318,-0.085320503158234,0.0011307577939578,0.00050775939193553,0.0011157604129381,33.537813734311,3.5031957026766
5340.0,160200.0,5.692587297481e-07,0.018598454252563,0.00030098706593613,-0.00044381778550238,1.0757355379055e-20,0.0091303656977934,-0.19156945711981,0.013927068253733,-0.079401017721471,0.0011374507607161,0.00047253134926485,0.0011145447907424,33.537645852399,3.5031833749364
5360.0,160800.0,5.6816136168316e-07,0.018532725620289,0.00029619087181608,-0.00044209209775678,3.3970595933856e-21,0.0093744495734849,-0.19239438378094,0.013852312779917,-0.07341289669675,0.0011423487933793,0.00043689484247223,0.0011117020345994,33.537478312554,3.5031751484793
5380.0,161400.0,5.6707161241314e-07,0.01846795785519,0.00029548117968265,-0.00044136048877041,3.9632361922832e-21,0.0096106664641148,-0.19291894255553,0.017019519086938,-0.067362564686297,0.0011454633805696,0.00040088810565144,0.0011072776383544,33.537311119699,3.5031712313518
5400.0,162000.0,5.6598935302912e-07,0.018403713991506,0.00029421348777429,-0.00044063787412559,2.4534319285563e-21,0.0098386805226912,-0.19314555213528,0.021531317344526,-0.061256433605858,0.0011468088833587,0.0003645492973965,0.0011013171909569,33.537144279246,3.5031717692187
5420.0,162600.0,5.6491444342719e-07,0.018339973481714,0.00029202427955677,-0.00044039105695347,-5.8504915219419e-21,0.010058163898761,-0.19307709499188,0.026007298317172,-0.055100918145939,0.0011464024165294,0.00032791659281455,0.0010938653665182,33.536977796269,3.5031768464208
5440.0,163200.0,5.6384673583634e-07,0.018276713346326,0.00029193734340421,-0.00043919837628758,-1.3588238373543e-20,0.010268797065766,-0.19271689484424,0.030439478842935,-0.048902449479347,0.0011442637147859,0.00029102826510224,0.0010849668520132,33.536811675189,3.5031864921696
5460.0,163800.0,5.6278607685365e-07,0.018213907621901,0.00029073245544008,-0.00043691034600261,4.1519617252491e-21,0.010470269588412,-0.19206869147092,0.034819924123017,-0.042667487977807,0.0011404149832022,0.0002539227612248,0.001074667978491,33.536645920011,3.5032006907559
5480.0,164400.0,5.6173230897487e-07,0.018151527475401,0.0002887042226597,-0.00043341820317284,1.6136033068582e-20,0.010662280461102,-0.19113661329723,0.039236307893305,-0.036724184312111,0.0011348807344569,0.00023350312176139,0.0010630167858028,33.536480534805,3.5032193941866
5500.0,165000.0,5.6068527055535e-07,0.018089541598759,0.00028568866068629,-0.00042867314826902,9.4362766482934e-23,0.01084453840208,-0.19003304151649,0.044081510975319,-0.032588678611892,0.0011283170703482,0.000262337895112,0.0010500613878719,33.536315524073,3.5032425354303
5520.0,165600.0,5.5964479462933e-07,0.018027916782222,0.00028482972752248,-0.00042270515987224,2.830882994488e-22,0.011016761628937,-0.18921891381828,0.050061714654187,-0.028434112577329,0.0011234832047635,0.00029792728419472,0.0010358489841392,33.536150892805,3.5032700404498
5540.0,166200.0,5.586107043036e-07,0.017966618989346,0.00028293522220009,-0.00041562054208349,1.2172796876299e-20,0.01117867536014,-0.18811111976025,0.056114937055347,-0.02426445323051,0.0011169057015244,0.00033395122230915,0.0010204263015539,33.535986646233,3.5033018375063
5560.0,166800.0,5.5758281283928e-07,0.017905614674299,0.00028002069065996,-0.00040756051532107,1.1700983043884e-20,0.011330008321002,-0.18670282566355,0.062129638821158,-0.020083662432639,0.0011085439858107,0.00036974958383533,0.00100383960032,33.535822789392,3.5033378628168
5580.0,167400.0,5.5656092791224e-07,0.017844871370049,0.00028169804546983,-0.00039996683562734,1.8589464997138e-20,0.011470493179278,-0.18497346993239,0.068537193561291,-0.015895707341927,0.0010982759735924,0.00040787855719872,0.00098613361991343,33.535659326846,3.5033415958951
5600.0,168000.0,5.5554485547607e-07,0.017784357360592,0.00028589754796956,-0.00039206598744992,6.4166681208395e-21,0.011629460873234,-0.18295131003512,0.074949649048853,-0.013863416194341,0.0010862694429762,0.00044604036331394,0.00096735115367947,33.535496263018,3.5033413394103
5620.0,168600.0,5.5453440298298e-07,0.017724041526477,0.00029137141446563,-0.00038350504232349,7.0772074862201e-21,0.011783764641421,-0.18065952021229,0.081224711720799,-0.012049227760903,0.0010726619905136,0.00048338451728307,0.00094753387929382,33.535333603,3.5033443145298
5640.0,169200.0,5.5352938181401e-07,0.017663894154298,0.00029804469739162,-0.00037445422315843,-8.3039234504982e-21,0.011925886431504,-0.17806140600485,0.087351909593365,-0.01022823093368,0.0010572357436485,0.00051984869823467,0.00092672304922298,33.535171353082,3.5033504501993
5660.0,169800.0,5.5252960787079e-07,0.017603888268925,0.00030575144383229,-0.00036513300908071,4.246324491732e-21,0.012055492304572,-0.17516757541195,0.093321060653445,-0.0091369198061844,0.0010400536871461,0.00055537231097071,0.00090495956985435,33.535009520435,3.5033596975132
5680.0,170400.0,5.515349020229e-07,0.017544000720922,0.00031431030577222,-0.00035574724062079,9.7193649477422e-21,0.012172260960062,-0.17205531528869,0.099122288471524,-0.0089236597567908,0.0010215747100355,0.00058989657888231,0.00090789625654809,33.534848112359,3.5033720345921
5700.0,171000.0,5.5054508968867e-07,0.017484212721062,0.00032354180718089,-0.0003464245139352,-8.7757372829129e-21,0.012275886130176,-0.16865688585147,0.10474605024939,-0.0087127455547034,0.001001396608818,0.00062336471086725,0.00091205250803412,33.534687136098,3.5033874666415
5720.0,171600.0,5.49559999206e-07,0.017424509924187,0.00033321124076355,-0.00033719676782347,7.5490213186348e-22,0.012366078530091,-0.16497962022318,0.11018316656223,-0.0085039850964529,0.00097956292375198,0.00065572207833106,0.00091452499133127,33.534526599372,3.5034060217978
5740.0,172200.0,5.4857946099598e-07,0.017364882465475,0.00034297876732915,-0.00032803179766954,-2.1703436291075e-21,0.012442567694567,-0.16111976365404,0.11542483663378,-0.0082971327509089,0.00095664510892724,0.00068691630609271,0.00091527419804975,33.534366510881,3.5034277438557
5760.0,172800.0,5.4760330443289e-07,0.017305325349029,0.00035241799341477,-0.00031887606332044,5.2843149230443e-21,0.012505104872296,-0.15699638077627,0.12046263546852,-0.0080919053696373,0.00093216261234959,0.00071689725531749,0.00091426495596395,33.534206880147,3.5034526832439
5780.0,173400.0,5.4663136010408e-07,0.017245839107465,0.0003610856894623,-0.00031019520334998,7.171570252703e-21,0.012553466407998,-0.15261744875852,0.12528850567019,-0.0078880019917625,0.00090616279828516,0.00074561697482754,0.00091146700349476,33.534047716847,3.5034808877064
5800.0,174000.0,5.4566346411786e-07,0.017186430334907,0.00036860595522293,-0.00030281310438762,2.5477946950392e-21,0.012587455999157,-0.14806770214877,0.12989475676215,-0.0076851129569949,0.00087914877627843,0.00077302969705701,0.00090685547781727,33.533889029997,3.5035123940383
5820.0,174600.0,5.4469946085112e-07,0.017127111938846,0.00037474662753393,-0.00029526007677745,8.4926489834641e-22,0.012631092388376,-0.14329084185731,0.13427841775567,-0.0074829181044908,0.00085078627170284,0.00079911774105734,0.00090041079846978,33.533730827188,3.503536039094
5840.0,175200.0,5.4373920539576e-07,0.017067903202529,0.00037945322533422,-0.00028745290028702,-1.8872553296587e-21,0.012676832144841,-0.13828397977183,0.13854045379965,-0.0072810819704017,0.00082105813645409,0.00082448197063869,0.00089211837565327,33.533573114238,3.503529805605
5860.0,175800.0,5.4278256640114e-07,0.01700882970616,0.00038281559142676,-0.00027931056317276,1.7457111799343e-21,0.01270742918083,-0.13311794414056,0.14256249764159,-0.007250485150702,0.00079038491172291,0.00084841795858911,0.00088196892454099,33.533415895483,3.503525877737
5880.0,176400.0,5.4182942649408e-07,0.016949923111592,0.00038500003382146,-0.00027077600338613,-2.3590691620734e-21,0.012722591590358,-0.127792992217,0.14633821273684,-0.0072642613141492,0.00075876812494631,0.00087088799486319,0.0008699589051059,33.533259174433,3.5035243907425
5900.0,177000.0,5.4087968220758e-07,0.01689122077206,0.00038620848740487,-0.00026667521021178,2.9724271442124e-21,0.012722054284671,-0.1227890980629,0.14986160658166,-0.0072757838280715,0.0007290576117259,0.0008918564168716,0.00085609034347393,33.533102954178,3.5035254728006
5920.0,177600.0,5.3993324369368e-07,0.016832764966816,0.00038669049621203,-0.0002644456368341,1.9674636811692e-20,0.012705580235829,-0.1175582879779,0.15312701667492,-0.0072847884349714,0.00069799979007785,0.00091128952593685,0.00084037080832565,33.532947237291,3.5035292387681
5940.0,178200.0,5.3899003438195e-07,0.016775131547838,0.00038677802938155,-0.0002659149626865,2.0995715542453e-20,0.012672963071,-0.11210749914797,0.15612910875533,-0.0072910582767018,0.0006656358493937,0.00092915557680219,0.00082281454475157,33.532792025482,3.503535786549
5960.0,178800.0,5.3804999086872e-07,0.016719379199909,0.00038688906751917,-0.0002666774430732,-9.5542301063971e-21,0.012624030126612,-0.10644431680553,0.15886288460589,-0.0072944183459127,0.00063201082682671,0.00094542482407788,0.00080344384762325,33.532637319557,3.5035451962567
5980.0,179400.0,5.371130618817e-07,0.016664060790365,0.00038747862037545,-0.00026656286701724,1.1535848202539e-20,0.012558644048036,-0.10057698216711,0.16170623690256,-0.0075987560110973,0.00059717365442161,0.00096234618271707,0.00078228908547864,33.532483119877,3.5035575318415
6000.0,180000.0,5.3617920717416e-07,0.016609195203001,0.0003889700884927,-0.00026545435173818,-1.495060081464e-20,0.012476703603529,-0.094514396448824,0.16436740798581,-0.0079233888605379,0.00056117718295641,0.00097818334449002,0.00075938743685707,33.532329427032,3.5035728444297
6020.0,180600.0,5.3524839669603e-07,0.016554792296238,0.00039170752191578,-0.00026328746271453,2.6893388447636e-21,0.012378145518425,-0.088266119791396,0.16674350414151,-0.0082414777310654,0.00052407817555973,0.00099232396830895,0.00073478168910165,33.532176242315,3.5035911763986
6040.0,181200.0,5.3432061064218e-07,0.016500852549868,0.00039593035637432,-0.00026003843688893,6.1984542233478e-21,0.012262947212667,-0.081842365544704,0.1689613892949,-0.0085525500195518,0.00048593727377537,0.0010055230467858,0.00070852003234621,33.532023567975,3.503612565234
6060.0,181800.0,5.3339583853332e-07,0.016447367453884,0.00040175176476374,-0.00025571609208805,-7.4251701876259e-21,0.012131128952295,-0.075253990692661,0.17125458086136,-0.0088561566664896,0.00044681894071028,0.0010191702888,0.00068065664273439,33.531871407433,3.5036310132971
6080.0,182400.0,5.3247407734369e-07,0.016394320863832,0.00040913868221693,-0.00025036796614751,-3.6034781450671e-21,0.011982755048114,-0.068725430893081,0.17348531315922,-0.009151861647357,0.00040805575822439,0.001032445823205,0.00067369616377538,33.531719765481,3.5036164350669
6100.0,183000.0,5.3155532967584e-07,0.016341691550074,0.00041790397623054,-0.00024409188861774,6.2043518962529e-21,0.012068919375721,-0.062842040821378,0.17563239627134,-0.0094392320243648,0.00037312325703172,0.0010452235445626,0.000684120147198,33.531568648366,3.503604525384
6120.0,183600.0,5.3063960193603e-07,0.016289456676157,0.00042771569975435,-0.00023703485659355,2.1007510888263e-20,0.016543850670769,-0.05816097255153,0.17744953932227,-0.0097178304812316,0.00034532951551085,0.0010560377265757,0.00070756828371564,33.531418063703,3.503595403928
6140.0,184200.0,5.2972690287221e-07,0.016237595424929,0.00043812315599166,-0.0002293741947168,1.7221204883136e-21,0.02098410849894,-0.053400333357832,0.1789322486643,-0.0099872084618162,0.00031706332335209,0.0010648616266473,0.00073410238983022,33.531268020222,3.5035891794596
6160.0,184800.0,5.288172420763e-07,0.016186092021665,0.00044859570314648,-0.00022129269915112,-6.0392170549078e-21,0.025380680724133,-0.048506356812958,0.18007685005924,-0.01024689835176,0.00028800544355709,0.0010716733786505,0.0007598411579262,33.531118527394,3.5035859548393
6180.0,185400.0,5.279106289171e-07,0.01613493785411,0.0004585653663626,-0.00021446476906748,1.6702209667479e-20,0.029724653176338,-0.043486627965383,0.18088051471357,-0.010496407015997,0.00025820091218697,0.0010764561478689,0.00078472963760515,33.530969595007,3.5035858311218
6200.0,186000.0,5.2700707234158e-07,0.01608413266557,0.00046746705191057,-0.00020803247111343,0.0,0.03400723192911,-0.038349306117955,0.18134128044906,-0.010735215510672,0.00022769817492576,0.0010791982569871,0.00080871143141414,33.530821232762,3.5035889100752
6220.0,186600.0,5.2610658046869e-07,0.016033684681407,0.00047478166531075,-0.00020899431402917,1.7928925631758e-21,0.038219765547372,-0.033103119429998,0.18145806704149,-0.010962786620609,0.0002269290305921,0.0010798932773744,0.00083172788810991,33.530673449845,3.5035952948204
6240.0,187200.0,5.252091607311e-07,0.015983609392424,0.00048009167833454,-0.00021215462221654,4.2935058749735e-21,0.04235376741232,-0.027757355809316,0.18123068502195,-0.011178575848086,0.00025147457717625,0.0010785400814637,0.00085371767380044,33.530526254375,3.5036050886473
6260.0,187800.0,5.2431481996431e-07,0.015933926959936,0.00048314139561491,-0.00021494996179018,-5.1899521565614e-21,0.046400937111872,-0.023380542747737,0.1806598380445,-0.011382040588153,0.00027550455965803,0.0010751428568409,0.00087461757508659,33.530379652804,3.503618392392
6280.0,188400.0,5.2342356424012e-07,0.015884658728001,0.00048387224316518,-0.00021809457733657,8.8701000493958e-21,0.051685562746039,-0.019733407390271,0.17974711952747,-0.011572647922513,0.00030688190996431,0.0010697110862575,0.0008943637880911,33.530233649544,3.5036353009643
6300.0,189000.0,5.2253539861653e-07,0.015835823604829,0.00048241265637125,-0.00022094064934253,7.6433840851177e-21,0.057314070167208,-0.016422831829199,0.17849500436352,-0.011749885849448,0.00034030105093688,0.0010622594982951,0.00091289250938301,33.530088247025,3.5036508671145
6320.0,189600.0,5.2165032710421e-07,0.015787434813016,0.00047904182471379,-0.0002232003382047,-1.2455885175747e-20,0.063405203355269,-0.013584721498887,0.17690683600575,-0.01191327968711,0.00037646702238589,0.0010528079905123,0.00093013964771479,33.529943446013,3.5036364432992
6340.0,190200.0,5.2076835430788e-07,0.015739497055423,0.00047416568186898,-0.00022518053223246,-4.0575989587662e-21,0.069375423882559,-0.01268533051334,0.17498680849478,-0.012062409241942,0.00041191507752897,0.0010413815224843,0.00094604034929806,33.529799245814,3.5036253683897
6360.0,190800.0,5.1988948402673e-07,0.015692004040738,0.00046830995137511,-0.00022675776076312,4.0575989587662e-21,0.075206964992655,-0.011844761050013,0.1727399433199,-0.012196920289268,0.00044653972663447,0.001028009978099,0.00096052928449382,33.529655644321,3.5036177933407
6380.0,191400.0,5.1901371935039e-07,0.015644936714488,0.0004620945355923,-0.00022776168752124,1.3116424541128e-20,0.080888246731499,-0.010994679534942,0.17017206249314,-0.012316527620051,0.00048027221397583,0.0010127280053152,0.00097354196495662,33.529512638219,3.5036138622699
6400.0,192000.0,5.1814106283755e-07,0.015598262914055,0.00045616763157647,-0.00022838246740274,-9.4362766482934e-23,0.086468600565102,-0.010136555052183,0.16728975948116,-0.012421013176581,0.00051340544406461,0.00099557484317297,0.00098501603925333,33.529370223572,3.503613707791
6420.0,192600.0,5.1727151697348e-07,0.015551938831305,0.00045112609495928,-0.0002282233824084,-1.6607846900996e-20,0.091923306646294,-0.0092718990779167,0.1641003678841,-0.012510224980633,0.00054579264334336,0.00097659413539438,0.00099489143961795,33.52922839655,3.5036174467337
6440.0,193200.0,5.1640508470815e-07,0.01554543480645,0.00044746248844853,-0.00022808521493294,1.9816180961416e-20,0.097195675775522,-0.0085686196099992,0.16076285780847,-0.012584077847751,0.00057709722091688,0.00095674143450223,0.0010031097533739,33.52908715391,3.5036251768621
6460.0,193800.0,5.1554177192332e-07,0.01553615916597,0.00044554650119407,-0.0002275116708931,7.5490213186348e-21,0.10227535133928,-0.0079693347504673,0.15757593715671,-0.012642551791149,0.00060725768461665,0.00093777524369441,0.0010096140498407,33.528946493149,3.5036369749726
6480.0,194400.0,5.1468158865153e-07,0.015523824119857,0.00044561916903549,-0.00022632570790895,-7.3602957856689e-21,0.10715236490974,-0.0074217932972257,0.15415439927265,-0.012685684754827,0.0006362148471183,0.00091741278492732,0.0010143495736483,33.528806412531,3.5036528964394
6500.0,195000.0,5.1382455141436e-07,0.01550829263641,0.00044778318709387,-0.00022556766441872,1.3965689439474e-20,0.11181716383083,-0.0069637568879993,0.15047925919102,-0.012713560436955,0.00066391198973306,0.00089554107375212,0.0010172647932576,33.528666911154,3.5036729759744
6520.0,195600.0,5.1297068428116e-07,0.015489467836716,0.00045199017908402,-0.00022410235160948,1.0757355379055e-20,0.11626063910007,-0.0065046776371273,0.14659483293113,-0.01273140710605,0.00069029502795602,0.00087241519300415,0.0010183123581459,33.528527989035,3.5036972291658
6540.0,196200.0,5.1212001883855e-07,0.015467292409804,0.00045803229162132,-0.0002237440842413,-8.68137451643e-21,0.12143118327977,-0.0060453206117389,0.14251407544816,-0.012739254958444,0.00072099502209596,0.00084812978842389,0.0010174496788634,33.52838964717,3.5037108247074
6560.0,196800.0,5.1127259572623e-07,0.015441747485569,0.0004655457462556,-0.00022385123024643,4.7181383241467e-21,0.12645925503437,-0.0056617185884972,0.13820269982218,-0.01273158995851,0.00075084908929594,0.00082247192911433,0.0010146389058426,33.528251887475,3.5037129424518
6580.0,197400.0,5.1042846512621e-07,0.015412850948647,0.00047403408739899,-0.00022390871310646,-1.3210787307611e-21,0.13126355386338,-0.0054180928810094,0.13373913779355,-0.012708481014748,0.00077937450959424,0.00079590837806122,0.0010098466182883,33.528114712551,3.5037138514527
6600.0,198000.0,5.0958768526383e-07,0.015380655035213,0.00048291145774332,-0.00022443970660781,-1.1134806444986e-20,0.13583371706781,-0.0053306627825839,0.12907936750702,-0.012670007228751,0.00080650975468998,0.00076817715239249,0.0010030438557943,33.527978125269,3.5037186744355
6620.0,198600.0,5.0875032156419e-07,0.015345243245152,0.00049155302403368,-0.0002252829609557,-7.9264723845665e-21,0.14015975453578,-0.0056119481465312,0.12425418442424,-0.01261625168193,0.00083219550851008,0.00073946152206449,0.00099420666153724,33.527842128291,3.5037274326557
6640.0,199200.0,5.0791644490917e-07,0.015306726859769,0.00049933610474518,-0.00022602364133846,1.8872553296587e-20,0.14423209333454,-0.0058887581410036,0.11929006934585,-0.012547294010735,0.00085637493197355,0.00070991907962217,0.00098331678584536,33.527706723671,3.5036949304354
6660.0,199800.0,5.0708612893913e-07,0.015265241306549,0.00050566665170872,-0.00022672902257175,5.8504915219419e-21,0.14804162242274,-0.0061605185349589,0.11413630637782,-0.01246320572922,0.00087899392846965,0.00067924800462899,0.00097036211533097,33.527571912606,3.5036369198017
6680.0,200400.0,5.0625944714785e-07,0.015220942360963,0.00051000212816148,-0.00022798848018046,1.3022061774645e-20,0.1516231212787,-0.0064266492797834,0.10890522582926,-0.012364051063527,0.00090025900039803,0.00064811679723823,0.00095533667967393,33.527437695216,3.5035847935954
6700.0,201000.0,5.0543647039512e-07,0.015174002134746,0.00051188813933178,-0.00022907106736166,1.1512257510918e-20,0.15496642485117,-0.0066865665139966,0.10351045969348,-0.012249891735949,0.00092010979298687,0.00061601757422796,0.00093824062464665,33.527304070217,3.5035386825408
6720.0,201600.0,5.0461726519666e-07,0.015124605053313,0.00051100994785148,-0.00022990175574806,-6.2279425878737e-21,0.15802245921599,-0.0069396846130223,0.098064893805536,-0.012120791661911,0.00093825493087384,0.00058360960020752,0.00091912751065995,33.527171034463,3.5034986883617
6740.0,202200.0,5.0380189378936e-07,0.01507294420597,0.00050723785284522,-0.0002304177486987,1.4343140505406e-20,0.16078442880055,-0.0071854179741875,0.092544833502172,-0.011976820172727,0.00095465406549365,0.00055075829061291,0.00089844473079338,33.527038582542,3.503464882782
6760.0,202800.0,5.0299041491224e-07,0.015019218261021,0.00050064764361627,-0.00023057725745256,1.0568629846089e-20,0.16324620499824,-0.0074231827661867,0.086972915034634,-0.011818056697116,0.00096927080837722,0.0005175932257566,0.00087578916410857,33.526906706602,3.5034373066882
6780.0,203400.0,5.0218288501172e-07,0.014963628770918,0.00049151847224127,-0.00023869431874048,1.3210787307611e-20,0.16540235861895,-0.0076523990017623,0.081338704031133,-0.011644600184746,0.00098207292382579,0.00048406290833842,0.00085119459006073,33.526775396388,3.5034159695984
6800.0,204000.0,5.013793599752e-07,0.01490637757487,0.00048031938315405,-0.00025225386616711,-1.094608091202e-20,0.16724818937156,-0.0078724928401042,0.075696117648936,-0.011456582339654,0.00099303250396266,0.00045048274736522,0.00082470228938957,33.526644639378,3.5034008495832
6820.0,204600.0,5.0057989627223e-07,0.014847664233719,0.0004676865859865,-0.00026582673793341,4.7181383241467e-21,0.16877975066139,-0.0080828986986806,0.070026054337362,-0.011254179937125,0.0010021261159672,0.00041673906568555,0.0007963604609016,33.526514421012,3.5033918937402
6840.0,205200.0,4.997845510148e-07,0.014787683708624,0.000454385885059,-0.00027916582490533,5.9448542884249e-21,0.16999386909586,-0.0083399094551127,0.064695179809047,-0.014706526675427,0.0010093349178898,0.00038501396434664,0.00079409635196821,33.526384725039,3.5033890192554
6860.0,205800.0,4.9899338070332e-07,0.014726624523586,0.00044125659858244,-0.00029202155721084,3.4631135299237e-20,0.17088815919157,-0.0086021658307064,0.059459353911691,-0.019227181518384,0.0010146447459743,0.00035385451643537,0.00080397130827772,33.526255534037,3.5033921150011
6880.0,206400.0,4.9820643928004e-07,0.014664667442551,0.00042914087665156,-0.00030415902999115,1.6136033068582e-20,0.17146103392557,-0.0088528509910195,0.054289364498533,-0.023701126160701,0.0010180461773064,0.00032308687461932,0.00081220970326766,33.526126830047,3.5034010435725
6900.0,207000.0,4.9742377581811e-07,0.014601984542418,0.00041881175739953,-0.0003153709685564,-8.4926489834641e-21,0.17171171124044,-0.009091385814069,0.049255241654022,-0.028119941135711,0.001019534568437,0.00029312780194816,0.00081878125265219,33.525998595227,3.5034156436521
6920.0,207600.0,4.9664543191244e-07,0.014538738631719,0.00041091415449587,-0.00032614401534726,-2.1703436291075e-21,0.17164021638001,-0.0093172136416567,0.044429382075859,-0.032475405260058,0.0010191100692508,0.00026441076826308,0.00082365995829883,33.525870812386,3.503435732605
6940.0,208200.0,4.9587144086916e-07,0.014475082878906,0.00040592073311283,-0.00033565588710461,2.0759808626246e-20,0.17124738036357,-0.0095298019444023,0.039735284692812,-0.036759512970526,0.001016777613907,0.0002364726325698,0.0008268245617185,33.525743465382,3.5034611092157
6960.0,208800.0,4.9510182654211e-07,0.014411160231753,0.00040409612048416,-0.00034365840381529,-6.1335798213907e-21,0.1705348344697,-0.0097286443660937,0.035322253621731,-0.040964490728505,0.0010125468880866,0.00024378788372449,0.0008282582995125,33.525616539449,3.5034295714814
6980.0,209400.0,4.9433660118026e-07,0.014347102454146,0.00040546993456712,-0.00035016353767721,1.7834562865275e-20,0.16950499937852,-0.0099132629495461,0.03123287360039,-0.045082810790156,0.0010064322645257,0.00026829683072896,0.00082794796786192,33.525490021447,3.5033761216734
7000.0,210000.0,4.9357576470847e-07,0.014283029251239,0.00040982684370431,-0.00035526334590592,1.2455885175747e-20,0.16882875848518,-0.010083209975931,0.027367974398399,-0.049107202832572,0.0010024170988601,0.00029224679329045,0.00082588376562822,33.525363899963,3.503328186173
7020.0,210600.0,4.9281930432612e-07,0.014232819781907,0.00041671458053231,-0.00035908958864488,1.0662992612572e-20,0.16821003325697,-0.010238069385391,0.023932700977013,-0.054113841668121,0.00099874430539109,0.00032204230312312,0.00083282050043971,33.525238165263,3.5032857872706
7040.0,211200.0,4.9206719421521e-07,0.014192657707894,0.00042546250946496,-0.00036178979013308,3.1139712939368e-21,0.16730237646458,-0.010377458334923,0.020596059051923,-0.059947239103702,0.00099336406878387,0.0003567580188675,0.000840963643326,33.525112809157,3.5032489302261
7060.0,211800.0,4.9131939581488e-07,0.014152803313265,0.00043521737033526,-0.00036359794007383,5.4730404560102e-21,0.16617847610957,-0.010501029015607,0.017668081188698,-0.065761680266551,0.00098669086871852,0.00039136480385573,0.00084750823467425,33.52498782472,3.5032176042164
7080.0,212400.0,4.9057585827288e-07,0.014113251893608,0.00044502115316297,-0.00036547633454967,-8.68137451643e-21,0.16476704732177,-0.010608470107443,0.014974255985514,-0.071468436688638,0.00097831045791338,0.00042532719044211,0.00085242150792697,33.524863205679,3.5031917835831
7100.0,213000.0,4.8983651907663e-07,0.014073994449421,0.00045393103179966,-0.00036695081236899,-4.246324491732e-21,0.16310207114072,-0.010699507785421,0.012417735618312,-0.077083104850059,0.00096842460005175,0.00045874153592116,0.00085567430826589,33.52473894545,3.5031714293788
7120.0,213600.0,4.8910130457239e-07,0.014035017405645,0.00046112834363198,-0.00036824115738914,9.7193649477422e-21,0.16120510727644,-0.01081017800382,0.01084225596335,-0.082656239081125,0.000957161306712,0.00049190382313703,0.00085724161847352,33.524615036254,3.5031564911738
7140.0,214200.0,4.8837013039801e-07,0.013996302802677,0.00046596547448953,-0.00036956875198837,2.830882994488e-21,0.15903137007625,-0.010972778814742,0.010220396239882,-0.088153081773658,0.00094425466141939,0.00052461663424117,0.00085710275875684,33.524491468767,3.5031469090273
7160.0,214800.0,4.8764290183571e-07,0.013957828820985,0.00046796716936628,-0.0003732239738459,9.0588255823617e-21,0.15663050427465,-0.011115722694079,0.0095914501148643,-0.093463574274297,0.00092999943162717,0.00055622043805374,0.00085524109211088,33.524368232147,3.5031426154861
7180.0,215400.0,4.8691951420858e-07,0.013919570597836,0.00046683974435733,-0.00037823619015028,5.6617659889761e-21,0.1539997792196,-0.011238374708334,0.008956519365656,-0.098647792150627,0.00091437940398765,0.00058707275630208,0.0008516439089377,33.524245314007,3.5031435374531
7200.0,216000.0,4.8553156974625e-07,0.013834322674362,0.00046943984331786,-0.00038230887818897,1.415441497244e-20,0.15111591603663,-0.011340171157489,0.0086316454626651,-0.10314849552494,0.00089725635931973,0.00061385734293755,0.00084625888198628,33.524122718632,3.5031496243048
7220.0,216600.0,4.8485075898045e-07,0.013799082607224,0.00046425350670344,-0.0003861991028056,5.6617659889761e-22,0.14806106201463,-0.011420742563678,0.0079702336590685,-0.10802875116499,0.0008791180501997,0.00064290072107708,0.00083932073726133,33.524000579758,3.5031608467992
7240.0,217200.0,4.8413962421941e-07,0.013761625231356,0.00045583291705027,-0.00039094401976571,7.3602957856689e-21,0.14477181790014,-0.011479528972435,0.007322513375519,-0.11266424177007,0.00085958804120733,0.00067048745350168,0.00083062020924149,33.52387871964,3.5031770361116
7260.0,217800.0,4.8343187207355e-07,0.013724263569478,0.00044484422010781,-0.00039739496237777,-6.6997564202883e-21,0.1412669884126,-0.011516279004942,0.0066730977993431,-0.11707577376706,0.0008387779860622,0.0006967413634223,0.00082023696496507,33.523757116089,3.5031980937375
7280.0,218400.0,4.8272738932486e-07,0.013686984539354,0.00043235744162553,-0.0004037931267336,1.5522675086443e-20,0.1375836774922,-0.011530530191786,0.006266399364772,-0.12125728333991,0.00081690819078615,0.00072162636385583,0.00080797439579648,33.52363574595,3.5032239311934
7300.0,219000.0,4.8202603393033e-07,0.013649773301627,0.00042068194152861,-0.00040818773717314,-6.463849504081e-21,0.13367790860892,-0.011522227224275,0.0058985491807029,-0.1252025489811,0.00079371754310009,0.00074510542936577,0.00079420302205509,33.523514576468,3.5032544560963
7320.0,219600.0,4.8132764441362e-07,0.013612629980686,0.0004111876077464,-0.00041567563045805,-4.8596824738711e-21,0.12963281246131,-0.011491339818102,0.0055294237834214,-0.12896137776222,0.00076969963461175,0.00076747497180454,0.00077880010552891,33.523393581093,3.5032195262527
7340.0,220200.0,4.8063207613683e-07,0.01357552877703,0.00040020147059905,-0.00042275959210038,1.5947307535616e-20,0.12537655529924,-0.011437867462906,0.0053398152513173,-0.13257254775104,0.00074442794976394,0.00078896576721506,0.00076164461659925,33.523272774646,3.5031700363946
7360.0,220800.0,4.7993920843361e-07,0.013538506974555,0.0003873127953052,-0.00042807995612043,-2.3118877788319e-21,0.12100465671313,-0.011361760914772,0.0055651021457187,-0.13593212335164,0.00071846963966943,0.00080895927406256,0.00074289846565711,33.523152147056,3.5031262447351
7380.0,221400.0,4.7924893747349e-07,0.013502930401737,0.00037476775745934,-0.00043118786597514,2.8780643777295e-21,0.11645824696829,-0.011263115450722,0.0057834013500124,-0.1390361848041,0.00069147516309399,0.000827432165071,0.0007226072939387,33.523031666861,3.5030882315949
